row_id	manifest_index	file	symbol_lines	change_type	cluster_id	req_ids	classification	classification_signal	test_evidence	notes
LH0001	001	.github/workflows/kurtosis-eip8025.yml	whole file (new workflow kurtosis eip8025)	added	C10	NONE	CI-devnet	New kurtosis devnet workflow starting enclave eip8025-zkboost and asserting zkboost_prove_total proof metrics [raw:lh-files/001.diff]	NONE	Devnet/CI harness for the EIP-8025 kurtosis testnet; not a spec obligation [raw:lh-files/001.diff]
LH0002	002	.github/workflows/nightly-tests.yml	env RUST_CACHE_EXTRA_IDENTIFIER + cache-extra-identifier steps	modified	C10	NONE	CI-devnet	Adds RUST_CACHE_EXTRA_IDENTIFIER keyed on branch optional-proofs-unstable/optional-proofs to separate build caches [raw:lh-files/002.diff]	NONE	CI cache-key plumbing for the optional-proofs branch family [raw:lh-files/002.diff]
LH0003	003	.github/workflows/test-suite.yml	cache-extra-identifier plumbing + new proof-engine-tests job	modified	C10	NONE	CI-devnet	Adds proof-engine-tests job running make test-proof-engine plus cache-extra-identifier keys across jobs [raw:lh-files/003.diff]	NONE	CI wiring for proof-engine tests and per-branch cache separation; also renames the Deneb basic-sim step [raw:lh-files/003.diff]
LH0004	004	.github/workflows/zkboost-tests.yml	whole file (new workflow zkboost-tests)	added	C10	NONE	CI-devnet	New zkboost-tests workflow running make test-zkboost with clang/leveldb build env [raw:lh-files/004.diff]	NONE	Devnet/CI harness for proof_engine_zkboost integration tests [raw:lh-files/004.diff]
LH0005	005	Cargo.lock	dependency graph updates; new proof_engine_test package	modified	C-unassigned	NONE	dependency	Lockfile change adding package proof_engine_test 8.1.3 and deps reqwest-eventsource, async-stream/async-trait, criterion [raw:lh-files/005.diff]	NONE	Generated lockfile reflecting new crates and workspace deps [raw:lh-files/005.diff]
LH0006	006	Cargo.toml	workspace members + dep version bumps	modified	C-unassigned	NONE	dependency	Adds testing/proof_engine workspace member and bumps ethereum_ssz 0.10.0->0.10.4, ssz_types 0.14.0->0.14.1 [raw:lh-files/006.diff]	NONE	Build-manifest change; new test crate member and SSZ dep bumps [raw:lh-files/006.diff]
LH0007	007	Makefile	RECENT_FORKS lists; test-proof-engine/test-zkboost targets	modified	C10	NONE	CI-devnet	Adds make targets test-proof-engine and test-zkboost, excludes proof_engine_test from test-release, drops electra from RECENT_FORKS [raw:lh-files/007.diff]	NONE	Test-runner wiring for proof-engine/zkboost suites and fork-list update [raw:lh-files/007.diff]
LH0008	008	beacon_node/beacon_chain/src/beacon_chain.rs	struct fields observed_execution_proofs, execution_proof_statuses, internal_event_tx + imports	modified	C-unassigned	NONE	LH-arch-choice	Adds BeaconChain fields wiring the proof-gossip dedup cache ObservedExecutionProofs, proof-status cache ExecutionProofStatusCache and a lazy internal event bus [raw:lh-files/008.diff]	NONE	Infrastructure wiring spanning gossip dedup, proof status and an integration-test event bus; enforcement lives in dedicated modules [raw:lh-files/008.diff]
LH0009	008	beacon_node/beacon_chain/src/beacon_chain.rs	import_block: register_request_root call	modified	C6	NONE	LH-arch-choice	On import registers block_root->new_payload_request_root and slot via execution_proof_statuses.register_request_root [raw:lh-files/008.diff]	NONE	Maps imported blocks to their new-payload request root for later proof status/serving [raw:lh-files/008.diff]
LH0010	008	beacon_node/beacon_chain/src/beacon_chain.rs	subscribe_internal_events/internal_event_sender/emit_internal_event	modified	C10	NONE	LH-arch-choice	Adds a lazily-initialized tokio broadcast event bus with doc-comment used by execution-proof integration tests [raw:lh-files/008.diff]	NONE	Test-observability hooks compiled into the node; used by proof integration tests [raw:lh-files/008.diff]
LH0011	008	beacon_node/beacon_chain/src/beacon_chain.rs	removal of blob gossip verify/process/import; EngineGetBlobsOutput->columns; RPC blob parent-root loop; blob_data_available via is_payload_received	modified	C6	NONE	LH-arch-choice	Removes verify_blob_sidecar_for_gossip/process_gossip_blob/check_gossip_blob_availability_and_import, collapses EngineGetBlobsOutput to custody columns, refactors the RPC blob parent-root loop, and replaces TODO(EIP-7732) blob_data_available with is_payload_received [raw:lh-files/008.diff]	NONE	Appears to be upstream base-branch drift (gloas/EIP-7732/PeerDAS blob->column transition), not EIP-8025 proof work [raw:lh-files/008.diff]
LH0012	009	beacon_node/beacon_chain/src/blob_verification.rs	removal of GossipBlobError, GossipVerifiedBlob, validate_blob_sidecar_for_gossip, observe_gossip_blob, get_blob_root	modified	C2	NONE	LH-arch-choice	Deletes the entire blob gossip verification path, leaving only KzgVerifiedBlob and validate_blobs [raw:lh-files/009.diff]	NONE	Appears upstream base-branch drift removing pre-PeerDAS blob gossip validation, not EIP-8025 proof work [raw:lh-files/009.diff]
LH0013	010	beacon_node/beacon_chain/src/block_production/mod.rs	removal of proposer_score_boost early-return in re-org check	modified	C6	NONE	LH-arch-choice	Removes the warn+return None guard when proposer_score_boost is None from proposer re-org logic [raw:lh-files/010.diff]	NONE	Appears upstream base-branch drift in proposer re-org handling, not EIP-8025 proof work [raw:lh-files/010.diff]
LH0014	011	beacon_node/beacon_chain/src/block_verification.rs	IntoStaticStr derives; ParentImportStatus refactor; removal of BlobNotRequired + GossipBlobError impls	modified	C6	NONE	LH-arch-choice	Adds IntoStaticStr to BlockError/ExecutionPayloadError, switches parent checks to get_parent_import_status/ParentImportStatus, removes BlobNotRequired variant and GossipBlobError glue [raw:lh-files/011.diff]	NONE	Mix of enum static-string derives and upstream gloas parent-envelope/blob-removal drift, not EIP-8025 proof work [raw:lh-files/011.diff]
LH0015	012	beacon_node/beacon_chain/src/builder.rs	BeaconChain construction: init proof caches + event bus	modified	C-unassigned	NONE	LH-arch-choice	Initializes observed_execution_proofs, execution_proof_statuses and internal_event_tx in the builder and drops observed_blob_sidecars init [raw:lh-files/012.diff]	NONE	Construction wiring for the proof dedup/status caches and integration-test event bus [raw:lh-files/012.diff]
LH0016	013	beacon_node/beacon_chain/src/canonical_head.rs	removal of observed_blob_sidecars pruning	modified	C6	NONE	LH-arch-choice	Drops the observed_blob_sidecars.prune call on finalization update [raw:lh-files/013.diff]	NONE	Appears upstream base-branch drift removing blob-sidecar pruning, not EIP-8025 proof work [raw:lh-files/013.diff]
LH0017	014	beacon_node/beacon_chain/src/chain_config.rs	ExecutionProofQuorumConfig struct + ChainConfig.execution_proof_quorum	modified	C7	NONE	LH-arch-choice	Adds ExecutionProofQuorumConfig{enabled,min_valid_proof_types} defaulting enabled=false, min=MIN_REQUIRED_EXECUTION_PROOFS, gating proof-backed payload promotion [raw:lh-files/014.diff]	NONE	Implementation-specific quorum config; default-off keeps valid proofs as metadata-only supplementary signal [raw:lh-files/014.diff]
LH0018	015	beacon_node/beacon_chain/src/data_availability_checker.rs	removal of put_gossip_verified_blobs, AvailableBlock.spec, blobs_required branch	modified	C6	NONE	LH-arch-choice	Removes put_gossip_verified_blobs and the blobs_required DA branch and drops AvailableBlock.spec field [raw:lh-files/015.diff]	NONE	Appears upstream base-branch drift in DA checking (blob->column/gloas), not EIP-8025 proof work [raw:lh-files/015.diff]
LH0019	016	beacon_node/beacon_chain/src/data_availability_checker/error.rs	IntoStaticStr derive on Error enum	modified	C6	NONE	LH-arch-choice	Adds IntoStaticStr derive to the DA checker Error enum [raw:lh-files/016.diff]	NONE	Enables static-string conversion of DA error variants (metrics/eventing support) [raw:lh-files/016.diff]
LH0020	017	beacon_node/beacon_chain/src/data_availability_checker/overflow_lru_cache.rs	make_available: drop spec param + blob availability branch	modified	C6	NONE	LH-arch-choice	make_available no longer takes spec and returns AvailableBlockData::NoData instead of assembling blob availability [raw:lh-files/017.diff]	NONE	Appears upstream base-branch drift removing pre-PeerDAS blob availability assembly, not EIP-8025 proof work [raw:lh-files/017.diff]
LH0021	017	beacon_node/beacon_chain/src/data_availability_checker/overflow_lru_cache.rs	test module: get_deneb_chain->get_fulu_chain, blob->column migration	modified	C10	NONE	LH-arch-choice	Rewrites overflow_lru_cache tests from GossipVerifiedBlob/deneb to GossipVerifiedDataColumn/fulu custody columns [raw:lh-files/017.diff]	NONE	Appears upstream base-branch drift migrating DA-cache tests to data columns, not EIP-8025 proof work [raw:lh-files/017.diff]
LH0022	018	beacon_node/beacon_chain/src/eip8025/mod.rs	module decls + re-exports	added	C4	NONE	LH-arch-choice	New eip8025 module declaring proof_status and proof_verification submodules and re-exporting their public items [raw:lh-files/018.diff]	NONE	Module glue for EIP-8025 beacon-chain integration; carries doc-comment TODO: integrate into proof engine [raw:lh-files/018.diff]
LH0023	019	beacon_node/beacon_chain/src/eip8025/proof_status.rs	ExecutionProofStatusCache, ExecutionProofBlockStatus, register/lookup + summary/observation structs	added	C3	NONE	LH-arch-choice	Bounded LRU caches (DEFAULT_REQUEST_ROOT_CACHE_SIZE=8192, DEFAULT_PROOF_CACHE_SIZE=8192) storing proof status and request-root<->block-root maps [raw:lh-files/019.diff]	[raw:lh-files/019.diff]	Doc-comment: stores proof status only, unfinalized proof bytes remain hot/prunable and not durably tracked, narrower than EIP retention obligation R002 [raw:lh-files/019.diff]
LH0024	019	beacon_node/beacon_chain/src/eip8025/proof_status.rs	verify_and_observe_execution_proof: dedup, signature, proof-engine gate	added	C2	R012,R013,R015,R018	spec-driven	Rejects via ObservedExecutionProofs (AlreadyHaveValidProof=first valid per request_root+proof_type R012; DuplicateFromValidator=first per validator R013), BLS-verifies the signature R015, and treats proof_engine.verify_execution_proof Invalid as rejection R018 [raw:lh-files/019.diff]	NONE	PROV-SPEC gossip-validation MUSTs from the provisional spec snapshot [OPEN-Q1] [raw:lh-files/019.diff]
LH0025	019	beacon_node/beacon_chain/src/eip8025/proof_status.rs	resolve_execution_proof_block_root, execution_payload_request_context, build_gloas_new_payload_request	added	C3	NONE	LH-arch-choice	Computes new_payload_request_root from stored/gloas blocks and returns ProofStatus::Syncing when the request root is unresolved [raw:lh-files/019.diff]	NONE	Request-root resolution helpers; Syncing-when-unknown relates to queue-until-payload behavior R004/R011 while the gossip forward gate lives in the network layer [raw:lh-files/019.diff]
LH0026	019	beacon_node/beacon_chain/src/eip8025/proof_status.rs	observe_valid_execution_proof quorum + try_mark_proof_backed_payload_valid	added	C6	R001	spec-driven	Consumes valid proofs as a supplementary payload-validity signal: when execution_proof_quorum threshold is met marks the payload/envelope valid via fork choice on_valid_execution_payload/on_valid_payload_envelope_received (R001 proof-verifying mode) [raw:lh-files/019.diff]	NONE	Implementation quorum threshold (execution_proof_quorum, default off) is an LH choice; promotion only when explicitly enabled [raw:lh-files/014.diff] [raw:lh-files/019.diff]
LH0027	019	beacon_node/beacon_chain/src/eip8025/proof_status.rs	execution_proofs_by_range/by_block_root, register_execution_proof_request_window, latest_execution_proof_status, missing_execution_proofs	added	C3	R006	spec-driven	Serves execution proofs by root and by range and registers the serve window over canonical blocks from the finalized checkpoint start slot to head (proof_serve_range) [raw:lh-files/019.diff]	NONE	PROV-SPEC: register_execution_proof_request_window derives the lower bound as finalized_checkpoint.epoch.start_slot, matching the provisional snapshot form rather than the EIP finalized_checkpoint.slot text (R006 divergence) [OPEN-Q1] [raw:lh-files/019.diff]
LH0028	019	beacon_node/beacon_chain/src/eip8025/proof_status.rs	mod tests: latest_status_with_valid_proofs_ignores_empty_and_unconfigured_statuses	added	C10	NONE	LH-arch-choice	Unit test asserting request-root-only statuses do not advertise proofs and only configured proof types surface [raw:lh-files/019.diff]	[raw:lh-files/019.diff]	Test coverage for ExecutionProofStatusCache.latest_status_with_valid_proofs [raw:lh-files/019.diff]
LH0029	020	beacon_node/beacon_chain/src/eip8025/proof_verification.rs	fn verify_signed_execution_proof_signature	added	C2	R015,R016	spec-driven	Rejects empty message.proof_data (EmptyProofData) enforcing the non-empty proof_data gossip check R016 and BLS-verifies signed_proof.signature over the execution-proof signing root rejecting InvalidSignature R015 [raw:lh-files/020.diff]	[raw:lh-files/020.diff]	PROV-SPEC gossip-validation MUSTs from the provisional spec snapshot; verify fn carries TODO: migrate into an impl on BeaconChain and the module doc a TODO: integration into proof engine for end-to-end verification [OPEN-Q1] [raw:lh-files/020.diff]
LH0030	020	beacon_node/beacon_chain/src/eip8025/proof_verification.rs	fn compute_execution_proof_domain, fn compute_signing_root	added	C2	NONE	LH-arch-choice	Computes the execution-proof signing domain from DOMAIN_EXECUTION_PROOF and compute_fork_data_root plus the SigningData signing root, exposed pub for validator-client signing [raw:lh-files/020.diff]	[raw:lh-files/020.diff]	Domain-separation and signing-root helpers supporting signature verification; implementation detail of one reference client [raw:lh-files/020.diff]
LH0031	020	beacon_node/beacon_chain/src/eip8025/proof_verification.rs	enum ExecutionProofError + Display impl + From<ProofEngineError> for BeaconChainError	added	C2	NONE	LH-arch-choice	Defines the ExecutionProofError variant taxonomy (InvalidSignature, EmptyProofData, InvalidValidatorIndex, ProofEngineError, ...) with Display and a From<ProofEngineError> into BeaconChainError [raw:lh-files/020.diff]	NONE	Error-type plumbing for the verification module; module doc-comment carries scaffolding marker TODO: integration into proof engine for end-to-end verification [raw:lh-files/020.diff]
LH0032	020	beacon_node/beacon_chain/src/eip8025/proof_verification.rs	mod tests (test_verify_valid_signature, test_verify_invalid_signature, test_verify_empty_proof_data, test_compute_execution_proof_domain, ...)	added	C10	NONE	LH-arch-choice	Unit tests exercising signature verify success/failure, empty proof data, invalid pubkey/signature format and signing-domain determinism [raw:lh-files/020.diff]	[raw:lh-files/020.diff]	Test coverage for verify_signed_execution_proof_signature and the signing-domain helpers [raw:lh-files/020.diff]
LH0033	021	beacon_node/beacon_chain/src/errors.rs	enum BeaconChainError: ExecutionProofError variant + import + easy_from_to!	modified	C2	NONE	LH-arch-choice	Adds ExecutionProofError(ExecutionProofError) to BeaconChainError with the eip8025::proof_verification import and easy_from_to! conversion [raw:lh-files/021.diff]	NONE	Error-enum wiring exposing execution-proof verification errors on the beacon-chain error type [raw:lh-files/021.diff]
LH0034	022	beacon_node/beacon_chain/src/execution_payload.rs	fn request_execution_proofs + call in notify_new_payload	modified	C5	R001,R009	spec-driven	In proof-generating mode (gated on execution_layer.proof_engine()) requests proofs via proof_engine.request_proofs_ssz for the new_payload_request, dispatched with task_executor.spawn(eip8025_proof_request) so notify_new_payload/block processing is not delayed awaiting proofs R001 R009 [raw:lh-files/022.diff]	NONE	Fire-and-forget proof-request wiring on the new-payload path; proof_types advertised from execution_layer.proof_types [raw:lh-files/022.diff]
LH0035	023	beacon_node/beacon_chain/src/fetch_blobs/fetch_blobs_beacon_adapter.rs	removal of get_blobs_v1, blobs_known_for_observation_key, cached_blob_indexes; process_engine_blobs input retyped to Vec<KzgVerifiedCustodyDataColumn>	modified	C6	NONE	LH-arch-choice	Drops the v1 blob adapter methods and retypes process_engine_blobs input from EngineGetBlobsOutput to Vec<KzgVerifiedCustodyDataColumn> [raw:lh-files/023.diff]	NONE	Appears upstream base-branch drift (PeerDAS blob->data-column adapter), not EIP-8025 proof work [raw:lh-files/023.diff]
LH0036	024	beacon_node/beacon_chain/src/fetch_blobs/mod.rs	removal of EngineGetBlobsOutput enum, fetch_and_process_blobs_v1, build_blob_sidecars; publish_fn retyped; v1 path returns InternalError	modified	C6	NONE	LH-arch-choice	Removes the EngineGetBlobsOutput enum and the v1 blob fetch/sidecar path, retypes publish_fn to Vec<KzgVerifiedCustodyDataColumn> and returns InternalError(fetch blobs v1 no longer supported) [raw:lh-files/024.diff]	NONE	Appears upstream base-branch drift (PeerDAS blob->data-column transition), not EIP-8025 proof work [raw:lh-files/024.diff]
LH0037	025	beacon_node/beacon_chain/src/fetch_blobs/tests.rs	removal of mod get_blobs_v1 tests; extract_published_blobs/mock_publish_fn retyped	modified	C10	NONE	LH-arch-choice	Deletes the get_blobs_v1 test module and retypes the publish-capture test helpers to Vec<KzgVerifiedCustodyDataColumn> [raw:lh-files/025.diff]	NONE	Appears upstream base-branch drift (PeerDAS blob->data-column test migration), not EIP-8025 proof work [raw:lh-files/025.diff]
LH0038	026	beacon_node/beacon_chain/src/internal_events.rs	enum InternalBeaconNodeEvent + INTERNAL_EVENT_CHANNEL_CAPACITY	added	C10	NONE	LH-arch-choice	New module doc Internal event bus for execution-proof integration tests defining InternalBeaconNodeEvent variants (GossipExecutionProof, RpcExecutionProof, OutboundExecutionProofsByRange/ByRoot, ExecutionProofVerified/Failed) [raw:lh-files/026.diff]	NONE	Test-observability event enum compiled into the node for execution-proof integration tests [raw:lh-files/026.diff]
LH0039	027	beacon_node/beacon_chain/src/lib.rs	pub mod eip8025; pub mod internal_events; pub mod observed_execution_proofs;	modified	C-unassigned	NONE	LH-arch-choice	Registers the eip8025, internal_events and observed_execution_proofs modules in the crate root [raw:lh-files/027.diff]	NONE	Top-level module registration for the EIP-8025 beacon-chain integration and its test event bus [raw:lh-files/027.diff]
LH0040	027	beacon_node/beacon_chain/src/lib.rs	block_verification re-export adds ParentImportStatus	modified	C6	NONE	LH-arch-choice	Adds ParentImportStatus to the block_verification public re-export list [raw:lh-files/027.diff]	NONE	Appears upstream base-branch drift (parent-import-status refactor, see index 011), not EIP-8025 proof work [raw:lh-files/027.diff]
LH0041	028	beacon_node/beacon_chain/src/observed_execution_proofs.rs	struct ObservedExecutionProofs + fn check + observe_verification_attempt + observe_valid_proof	added	C2	R012,R013	spec-driven	check() returns AlreadyHaveValidProof when a valid proof already exists for (request_root, proof_type) implementing IGNORE-2 R012 and DuplicateFromValidator for a repeat (request_root, proof_type, validator_index) implementing IGNORE-3 R013 [raw:lh-files/028.diff]	[raw:lh-files/028.diff]	PROV-SPEC gossip IGNORE MUSTs from the provisional spec snapshot; module doc maps IGNORE-2/IGNORE-3 to the p2p-interface rules [OPEN-Q1] [raw:lh-files/028.diff]
LH0042	028	beacon_node/beacon_chain/src/observed_execution_proofs.rs	invalid_proofs cache + fn observe_invalid_proof + fn prune + count helpers	added	C2	NONE	LH-arch-choice	Adds a process-local invalid-proof cache keyed on (proof_type, hash_tree_root(proof_data)) returning AlreadyRejectedProof, plus finalization prune(finalized_slot) over slot_to_request_roots and metric count helpers [raw:lh-files/028.diff]	NONE	Implementation-local dedup optimization and finalization eviction; invalid entries retained until restart per module doc [raw:lh-files/028.diff]
LH0043	028	beacon_node/beacon_chain/src/observed_execution_proofs.rs	mod tests (ignore_2_valid_proof_dedup, ignore_3_validator_dedup, prune_removes_finalized_roots, ...)	added	C10	NONE	LH-arch-choice	Unit tests for the IGNORE-2/IGNORE-3 dedup, invalid-proof-data keying and finalization pruning [raw:lh-files/028.diff]	[raw:lh-files/028.diff]	Test coverage for ObservedExecutionProofs dedup and prune [raw:lh-files/028.diff]
LH0044	029	beacon_node/beacon_chain/src/payload_envelope_verification/import.rs	envelope import: register_execution_payload_request_root(block_root)	modified	C6	NONE	LH-arch-choice	On payload-envelope import calls register_execution_payload_request_root(block_root), warning on error, to cache the block->request-root mapping [raw:lh-files/029.diff]	NONE	Wiring to record the new-payload request root at envelope import for later proof status/serving [raw:lh-files/029.diff]
LH0045	030	beacon_node/beacon_chain/src/payload_envelope_verification/payload_notifier.rs	fn request_execution_proofs + call before notify_new_payload	modified	C5	R001,R009	spec-driven	In proof-generating mode (gated on proof_engine()) requests proofs via proof_engine.request_proofs_ssz for the gloas NewPayloadRequest, dispatched with task_executor.spawn(eip8025_proof_request) so the notify path is not delayed awaiting proofs R001 R009 [raw:lh-files/030.diff]	NONE	Fire-and-forget proof-request wiring on the gloas payload-envelope notify path [raw:lh-files/030.diff]
LH0046	030	beacon_node/beacon_chain/src/payload_envelope_verification/payload_notifier.rs	build_new_payload_request: versioned_hashes collect().try_into() with SszTypesError mapping	modified	C6	NONE	LH-arch-choice	Collects versioned hashes then try_into a fixed-length collection for NewPayloadRequestGloas, mapping failure to BeaconChainError::SszTypesError [raw:lh-files/030.diff]	NONE	Adapts versioned hashes to the fixed-length type required by the gloas new-payload request [raw:lh-files/030.diff]
LH0047	031	beacon_node/beacon_chain/src/test_utils.rs	MakeAttestationOptions.payload_present_override field + make_unaggregated_attestation param threading	modified	C10	NONE	LH-arch-choice	Adds payload_present_override: Option<bool> to MakeAttestationOptions and make_unaggregated_attestation, overriding the post-gloas payload_present encoding when Some [raw:lh-files/031.diff]	NONE	Test-harness knob to force the post-gloas regular-attestation payload_present bit [raw:lh-files/031.diff]
LH0048	031	beacon_node/beacon_chain/src/test_utils.rs	process_gossip_blobs_or_columns -> process_gossip_columns (blob path removed, PeerDAS-only)	modified	C10	NONE	LH-arch-choice	Replaces process_gossip_blobs_or_columns with process_gossip_columns, dropping the blob branch and asserting PeerDAS enabled for the block epoch [raw:lh-files/031.diff]	NONE	Appears upstream base-branch drift (blob->data-column test harness), not EIP-8025 proof work [raw:lh-files/031.diff]
LH0049	031	beacon_node/beacon_chain/src/test_utils.rs	gloas envelope request builder: versioned_hashes collect().try_into().expect	modified	C10	NONE	LH-arch-choice	Collects versioned hashes and try_into a fixed-length collection for the gloas NewPayloadRequestGloas test builder [raw:lh-files/031.diff]	NONE	Test-harness adaptation of versioned hashes to the fixed-length gloas request type [raw:lh-files/031.diff]
LH0050	032	beacon_node/beacon_chain/tests/attestation_production.rs	test gloas_payload_attestation_seen_but_data_unavailable	modified	C10	NONE	LH-arch-choice	Adds a gloas test asserting produce_payload_attestation_data votes payload_present=true but blob_data_available=false for an observed-but-unimported envelope [raw:lh-files/032.diff]	NONE	Appears upstream base-branch drift (gloas payload-attestation behavior), not EIP-8025 proof work [raw:lh-files/032.diff]
LH0051	033	beacon_node/beacon_chain/tests/attestation_verification.rs	MakeAttestationOptions initializers add payload_present_override: None	modified	C10	NONE	LH-arch-choice	Adds payload_present_override: None to four MakeAttestationOptions initializers [raw:lh-files/033.diff]	NONE	Mechanical test update for the MakeAttestationOptions field added in index 031 [raw:lh-files/031.diff] [raw:lh-files/033.diff]
LH0052	034	beacon_node/beacon_chain/tests/block_verification.rs	TODO(gloas) early-return skip guards in chain_segment_* and invalid_signature_* tests	modified	C10	NONE	scaffolding	Adds if fork_name_from_env().gloas_enabled() { return; } guards quoting TODO(gloas): re-enable for Gloas once range sync imports payload envelopes to disable multiple tests under Gloas [raw:lh-files/034.diff]	NONE	Temporary upstream gloas test disables pending range-sync envelope import, not EIP-8025 proof work [raw:lh-files/034.diff]
LH0053	034	beacon_node/beacon_chain/tests/block_verification.rs	verify_and_process_gossip_data_sidecars blob branch stubbed + slashing-detection test uses process_gossip_columns	modified	C10	NONE	LH-arch-choice	Blanks the DataSidecars::Blobs branch (Blob gossip is deprecated) and switches verify_block_for_gossip_slashing_detection to process_gossip_columns [raw:lh-files/034.diff]	NONE	Appears upstream base-branch drift (blob-gossip removal in tests), not EIP-8025 proof work [raw:lh-files/034.diff]
LH0054	034	beacon_node/beacon_chain/tests/block_verification.rs	test gloas_get_head_can_return_justified_empty_payload_branch	modified	C10	NONE	LH-arch-choice	Adds a gloas fork-choice regression test asserting get_head returns the justified root (PayloadStatus::Empty) instead of InvalidBestNode when no leaf is viable [raw:lh-files/034.diff]	NONE	Appears upstream base-branch drift (gloas fork-choice get_head fix), not EIP-8025 proof work [raw:lh-files/034.diff]
LH0055	035	beacon_node/beacon_chain/tests/events.rs	removal of test blob_sidecar_event_on_process_gossip_blob + rand imports	modified	C10	NONE	LH-arch-choice	Deletes the blob_sidecar_event_on_process_gossip_blob SSE test and its rand imports [raw:lh-files/035.diff]	NONE	Appears upstream base-branch drift (blob-gossip event test removal), not EIP-8025 proof work [raw:lh-files/035.diff]
LH0056	036	beacon_node/beacon_chain/tests/payload_invalidation.rs	InvalidHeadSetup assertion update + removal of canonical_head/assert_get_head_error_contains helpers	modified	C10	NONE	LH-arch-choice	Replaces the InvalidBestNode error assertion with get_head returning justified_checkpoint().root and removes the now-unused canonical_head and assert_get_head_error_contains helpers [raw:lh-files/036.diff]	NONE	Appears upstream base-branch drift (fork-choice get_head justified-root fix), not EIP-8025 proof work [raw:lh-files/036.diff]
LH0057	037	beacon_node/beacon_chain/tests/store_tests.rs	weak_subjectivity_sync_test: on_valid_payload_envelope_received(wss_block_root)	modified	C10	NONE	LH-arch-choice	Marks the WSS anchor payload received via fork_choice on_valid_payload_envelope_received to avoid ParentUnknown for the first FULL forward child [raw:lh-files/037.diff]	NONE	Appears upstream base-branch drift (gloas weak-subjectivity envelope sync fix), not EIP-8025 proof work [raw:lh-files/037.diff]
LH0058	038	beacon_node/beacon_processor/src/lib.rs	remove GossipBlobSidecar Work/WorkType/queue; add UnknownBlockDataColumn Work/WorkType + QueuedGossipDataColumn ReadyWork mapping	modified	C6	NONE	LH-arch-choice	Removes the GossipBlobSidecar work variant/type/queue handling and adds UnknownBlockDataColumn work plus the QueuedGossipDataColumn->UnknownBlockDataColumn ReadyWork mapping with drop_during_sync [raw:lh-files/038.diff]	NONE	Appears upstream base-branch drift (PeerDAS blob->data-column processor work types), not EIP-8025 proof work [raw:lh-files/038.diff]
LH0059	039	beacon_node/beacon_processor/src/scheduler/work_queue.rs	remove gossip_blob_queue; add unknown_block_data_column_queue (FifoQueue, len 256)	modified	C6	NONE	LH-arch-choice	Removes gossip_blob_queue from BeaconProcessorQueueLengths/WorkQueues and adds unknown_block_data_column_queue (FifoQueue capacity 256) [raw:lh-files/039.diff]	NONE	Appears upstream base-branch drift (PeerDAS data-column processor queue), not EIP-8025 proof work [raw:lh-files/039.diff]
LH0060	040	beacon_node/beacon_processor/src/scheduler/work_reprocessing_queue.rs	QueuedGossipDataColumn + UnknownBlockDataColumn reprocess message + data_columns_delay_queue + drain on BlockImported + ReadyDataColumn expiry	modified	C6	NONE	LH-arch-choice	Adds gossip data-column reprocessing: QueuedGossipDataColumn, ReprocessQueueMessage::UnknownBlockDataColumn, a data_columns_delay_queue with QUEUED_DATA_COLUMN_DELAY_SLOTS/MAXIMUM_QUEUED_DATA_COLUMNS bounds, drain on BlockImported and ReadyDataColumn expiry [raw:lh-files/040.diff]	NONE	Appears upstream base-branch drift (PeerDAS data-column reprocessing queue), not EIP-8025 proof work [raw:lh-files/040.diff]
LH0061	040	beacon_node/beacon_processor/src/scheduler/work_reprocessing_queue.rs	envelope-full handling changed from evict-oldest to drop-new	modified	C6	NONE	LH-arch-choice	Changes the full awaiting_envelopes_per_root path from evicting the oldest entry to dropping the new envelope (warn Envelope delay queue is full, dropping envelope) [raw:lh-files/040.diff]	NONE	Appears upstream base-branch drift (gloas envelope reprocess-queue semantics), not EIP-8025 proof work [raw:lh-files/040.diff]
LH0062	040	beacon_node/beacon_processor/src/scheduler/work_reprocessing_queue.rs	mod tests: envelope_capacity_evicts_oldest replaced by data_column_released_on_block_imported + prune_awaiting_data_columns_per_root	modified	C10	NONE	LH-arch-choice	Replaces the envelope_capacity_evicts_oldest test with data_column_released_on_block_imported and prune_awaiting_data_columns_per_root [raw:lh-files/040.diff]	NONE	Appears upstream base-branch drift (data-column reprocess-queue tests), not EIP-8025 proof work [raw:lh-files/040.diff]
LH0063	041	beacon_node/execution_layer/Cargo.toml	dep additions: async-stream, async-trait, ethereum_ssz_derive, futures, reqwest-eventsource	modified	C-unassigned	NONE	dependency	Adds async-stream 0.3, async-trait 0.1, ethereum_ssz_derive, futures and reqwest-eventsource 0.6 to execution_layer [raw:lh-files/041.diff]	NONE	Build-manifest change adding async/SSE deps for the proof-engine HTTP transport [raw:lh-files/041.diff]
LH0064	042	beacon_node/execution_layer/src/eip8025/errors.rs	enum ProofEngineError + mod error_codes + Display + From impls	added	C4	NONE	LH-arch-choice	Defines ProofEngineError variants and JSON-RPC error_codes INVALID_HEADER_FORMAT=-39002, INVALID_PAYLOAD=-39003, PROOF_GENERATION_UNAVAILABLE=-39004 [raw:lh-files/042.diff]	NONE	Error taxonomy for the proof-engine HTTP transport; implementation detail of one reference client [raw:lh-files/042.diff]
LH0065	043	beacon_node/execution_layer/src/eip8025/mod.rs	module doc + submodule decls + re-exports	added	C4	NONE	LH-arch-choice	New execution_layer eip8025 module re-exporting HttpProofEngine, ProofNodeClient, ProofType and proof event types [raw:lh-files/043.diff]	NONE	Module doc states it does not act as an execution engine and does not gate fork choice, applying proof-backed payload promotion only when explicitly configured [raw:lh-files/043.diff]
LH0066	044	beacon_node/execution_layer/src/eip8025/proof_engine.rs	struct HttpProofEngine (verify_execution_proof, get_proof, request_proofs, request_proofs_ssz, subscribe_proof_events)	added	C4	NONE	LH-arch-choice	Proof-engine transport facade delegating verify/request/get/subscribe to a boxed ProofNodeClient [raw:lh-files/044.diff]	NONE	Provides the proof-generating (request_proofs) and proof-verifying (verify_execution_proof) transport, but the HTTP-to-proof-node mechanism is an implementation choice [raw:lh-files/044.diff]
LH0067	045	beacon_node/execution_layer/src/eip8025/proof_node_client.rs	trait ProofNodeClient + HttpProofNodeClient impl; endpoint consts; SSE stream	added	C4	NONE	LH-arch-choice	HTTP proof-node client with paths /v1/execution_proof_requests|_verifications|_proofs, PROOF_ENGINE_TIMEOUT=1s default, and an EventSource-based proof-event stream [raw:lh-files/045.diff]	[raw:lh-files/054.diff]	Concrete HTTP transport for the proof node; endpoint paths and 1s default timeout are implementation values [raw:lh-files/045.diff]
LH0068	046	beacon_node/execution_layer/src/eip8025/types.rs	enum ProofType, ProofTypes default, ProofEvent/ProofComplete/ProofFailure, FailureReason, SseEventParts	added	C4	NONE	LH-arch-choice	Proof-type registry ethrex-risc0..reth-zisk = 0..6, default ProofTypes {EthrexRisc0, EthrexSP1, EthrexZisk, RethOpenVM}, and SSE proof_complete/proof_failure event types [raw:lh-files/046.diff]	[raw:lh-files/046.diff]	Specific vendor proof-type identifiers and defaults are proof-node convention, not spec-mandated [raw:lh-files/046.diff]
LH0069	046	beacon_node/execution_layer/src/eip8025/types.rs	mod tests (proof_type_parses_string_names/numeric_ids, rejects_unknown names/numeric_ids)	added	C10	NONE	LH-arch-choice	Unit tests for ProofType FromStr parsing of names and numeric ids and rejection of unknowns [raw:lh-files/046.diff]	[raw:lh-files/046.diff]	Test coverage for ProofType parsing [raw:lh-files/046.diff]
LH0070	047	beacon_node/execution_layer/src/engine_api.rs	EngineCapabilities.get_blobs_v1 field + to_response entry removed	modified	C5	NONE	LH-arch-choice	Removes the get_blobs_v1 capability field and the ENGINE_GET_BLOBS_V1 push from EngineCapabilities.to_response [raw:lh-files/047.diff]	NONE	Upstream base-branch drift (engine_getBlobsV1 removal), not EIP-8025 proof work [raw:lh-files/047.diff]
LH0071	048	beacon_node/execution_layer/src/engine_api/http.rs	ENGINE_GET_BLOBS_V1 const, LIGHTHOUSE_CAPABILITIES entry, get_blobs_v1 method removed	modified	C5	NONE	LH-arch-choice	Deletes the ENGINE_GET_BLOBS_V1 engine_getBlobsV1 const, its capabilities-list entry and the get_blobs_v1 RPC method [raw:lh-files/048.diff]	NONE	Upstream base-branch drift (getBlobsV1 removal), not EIP-8025 proof work [raw:lh-files/048.diff]
LH0072	049	beacon_node/execution_layer/src/engine_api/new_payload_request.rs	SszEncode/TreeHash derives on NewPayloadRequest; fn request_root; versioned_hashes retyped to VariableList; TryFrom try_into	modified	C1	NONE	LH-arch-choice	Adds SszEncode/TreeHash derives and request_root()=tree_hash_root() to NewPayloadRequest and retypes versioned_hashes from Vec to VariableList so the request is SSZ/TreeHash-derivable [raw:lh-files/049.diff]	NONE	request_root binds a proof to its engine_newPayload request (the new_payload_request_root); the SSZ encoding of NewPayloadRequest is an LH implementation mechanism, not spec-mandated [raw:lh-files/049.diff]
LH0073	050	beacon_node/execution_layer/src/lib.rs	pub mod eip8025; Config/Inner proof_engine+proof_types; from_config proof-engine construction; engine made Option; proof_engine()/proof_types()/engine() accessors; None-handling across ExecutionLayer; Error NoExecutionEndpoint/ProofEngineError	modified	C5	NONE	LH-arch-choice	Wires an optional HttpProofEngine and proof_types into ExecutionLayer and makes engine an Option so a proof-verifying-only node runs without an execution endpoint [raw:lh-files/050.diff]	NONE	Proof-engine integration and EL-optional refactor; from_config includes a test-mock branch (parse_mock_index/get_mock_proof_engine) wired into the production constructor [raw:lh-files/050.diff]
LH0074	050	beacon_node/execution_layer/src/lib.rs	BlobAndProofV1 import + get_blobs_v1 method removed	modified	C6	NONE	LH-arch-choice	Deletes the get_blobs_v1 ExecutionLayer wrapper and the BlobAndProofV1 import [raw:lh-files/050.diff]	NONE	Upstream base-branch drift (getBlobsV1 removal), not EIP-8025 proof work [raw:lh-files/050.diff]
LH0075	051	beacon_node/execution_layer/src/test_utils/execution_block_generator.rs	gloas genesis safe/finalized block-hash assertion guard	modified	C10	NONE	LH-arch-choice	Changes the non-zero safe/finalized block-hash assertion guard from head-block gloas_enabled() to Gloas enabled at genesis via get_fork_at_timestamp(0) [raw:lh-files/051.diff]	NONE	Upstream base-branch drift (mock-EL gloas forkchoice assertion), not EIP-8025 proof work [raw:lh-files/051.diff]
LH0076	052	beacon_node/execution_layer/src/test_utils/handle_rpc.rs	ENGINE_GET_BLOBS_V1 mock handler removed	modified	C10	NONE	LH-arch-choice	Deletes the mock ENGINE_GET_BLOBS_V1 RPC branch returning BlobAndProofV1 [raw:lh-files/052.diff]	NONE	Upstream base-branch drift (getBlobsV1 mock handler removal), not EIP-8025 proof work [raw:lh-files/052.diff]
LH0077	053	beacon_node/execution_layer/src/test_utils/mock_event_stream.rs	struct MockEventStream + collect_n + expect_proof_requests/verified/fetched	added	C10	NONE	LH-arch-choice	Test helper wrapping broadcast::Receiver<MockClientEvent> with collect_n and expect_proof_requests/verified/fetched assertions [raw:lh-files/053.diff]	[raw:lh-files/053.diff]	Test-observability harness for execution-proof integration tests [raw:lh-files/053.diff]
LH0078	054	beacon_node/execution_layer/src/test_utils/mock_proof_node_client.rs	MockProofNodeClient impl ProofNodeClient; OwnedNewPayloadRequest; MockClientEvent; MOCK_REGISTRY; register/get_mock_proof_engine; parse_mock_index; make_test_fulu_ssz	added	C10	NONE	LH-arch-choice	In-memory MockProofNodeClient whose verify_proof always returns Valid, plus an OwnedNewPayloadRequest owned SSZ mirror used to decode request bodies and compute tree_hash_root [raw:lh-files/054.diff]	[raw:lh-files/054.diff]	Mock stubs verification as always-Valid; its parse_mock_index/register helpers are consumed by the production ExecutionLayer::from_config [raw:lh-files/050.diff]
LH0079	055	beacon_node/execution_layer/src/test_utils/mod.rs	mock_event_stream + mock_proof_node_client module decls + re-exports	modified	C10	NONE	LH-arch-choice	Declares and re-exports MockEventStream, MockProofNodeClient, OwnedNewPayloadRequest, register/get_mock_proof_engine, parse_mock_index and make_test_fulu_ssz [raw:lh-files/055.diff]	NONE	Test-util wiring for the proof-engine mocks [raw:lh-files/055.diff]
LH0080	055	beacon_node/execution_layer/src/test_utils/mod.rs	DEFAULT_ENGINE_CAPABILITIES.get_blobs_v1 removed	modified	C10	NONE	LH-arch-choice	Drops get_blobs_v1: true from DEFAULT_ENGINE_CAPABILITIES [raw:lh-files/055.diff]	NONE	Upstream base-branch drift (getBlobsV1 removal), not EIP-8025 proof work [raw:lh-files/055.diff]
LH0081	056	beacon_node/http_api/src/beacon/execution_payload_bid.rs	post_beacon_execution_payload_bid + _ssz + publish_execution_payload_bid	added	C2	NONE	LH-arch-choice	New POST /eth/v1/beacon/execution_payload_bid (JSON+SSZ) gating on is_gloas_scheduled, gossip-verifying via verify_payload_bid_for_gossip and publishing PubsubMessage::ExecutionPayloadBid [raw:lh-files/056.diff]	[raw:lh-files/064.diff]	Upstream base-branch drift (gloas ePBS payload-bid publish endpoint), not EIP-8025 proof work [raw:lh-files/056.diff]
LH0082	057	beacon_node/http_api/src/beacon/execution_payload_envelope.rs	SSZ content-type exact-header filter removed on envelope POST	modified	C2	NONE	LH-arch-choice	Removes the warp::header::exact(CONTENT_TYPE_HEADER, SSZ_CONTENT_TYPE_HEADER) filter from post_beacon_execution_payload_envelope_ssz [raw:lh-files/057.diff]	NONE	Upstream base-branch drift (gloas envelope endpoint content-type relaxation), not EIP-8025 proof work [raw:lh-files/057.diff]
LH0083	058	beacon_node/http_api/src/beacon/mod.rs	pub mod execution_payload_bid	modified	C2	NONE	LH-arch-choice	Registers the execution_payload_bid module in beacon/mod.rs [raw:lh-files/058.diff]	NONE	Upstream base-branch drift (gloas ePBS module registration), not EIP-8025 proof work [raw:lh-files/058.diff]
LH0084	059	beacon_node/http_api/src/beacon/pool.rs	post_beacon_pool_execution_proofs + SubmitExecutionProofsRequest/Response/Status	modified	C2	NONE	LH-arch-choice	New POST beacon/pool/execution_proofs verifying each proof via chain.verify_and_observe_execution_proof and publishing Valid/Accepted proofs as PubsubMessage::ExecutionProof, gated on a configured proof_engine() [raw:lh-files/059.diff]	NONE	EIP-8025 proof submission API; it delegates the gossip IGNORE/REJECT validation to verify_and_observe_execution_proof, but the HTTP endpoint itself is an implementation choice [raw:lh-files/059.diff]
LH0085	060	beacon_node/http_api/src/block_id.rs	blob_sidecar_list index filtering refactor	modified	C-unassigned	NONE	LH-arch-choice	Reorders the blobs-by-id path to collect then filter_map by index and build BlobSidecarList once after filtering instead of inside the indices branch [raw:lh-files/060.diff]	NONE	Blob-sidecar retrieval refactor in the blobs API, not EIP-8025 proof work [raw:lh-files/060.diff]
LH0086	061	beacon_node/http_api/src/lib.rs	post_beacon_pool_execution_proofs serve route + prometheus_metrics path	modified	C2	NONE	LH-arch-choice	Registers post_beacon_pool_execution_proofs in serve() and adds the v1/beacon/pool/execution_proofs prometheus metrics path [raw:lh-files/061.diff]	NONE	Route wiring for the EIP-8025 proof submission endpoint [raw:lh-files/059.diff]
LH0087	061	beacon_node/http_api/src/lib.rs	post_beacon_execution_payload_bid + _ssz serve routes	modified	C2	NONE	LH-arch-choice	Registers post_beacon_execution_payload_bid and post_beacon_execution_payload_bid_ssz in serve() [raw:lh-files/061.diff]	NONE	Upstream base-branch drift (gloas ePBS route wiring), not EIP-8025 proof work [raw:lh-files/061.diff]
LH0088	062	beacon_node/http_api/src/publish_blocks.rs	blob-sidecar publish path, build_gossip_verified_blobs, publish_blob_sidecars removed; spawn_build_data_sidecar_task builds columns only	modified	C6	NONE	LH-arch-choice	Deletes the pre-PeerDAS blob branch (build_gossip_verified_blobs/publish_blob_sidecars) so publish_block waits on and builds only data columns [raw:lh-files/062.diff]	NONE	Upstream base-branch drift (PeerDAS blob to data-column publish path), not EIP-8025 proof work [raw:lh-files/062.diff]
LH0089	063	beacon_node/http_api/tests/broadcast_validation_tests.rs	blob->column test migration (renames, fulu_enabled guards, process_gossip_columns)	modified	C10	NONE	LH-arch-choice	Renames blobs_or_columns tests to columns, switches guards from deneb_enabled() to fulu_enabled() and replaces process_gossip_blobs_or_columns with process_gossip_columns [raw:lh-files/063.diff]	NONE	Upstream base-branch drift (PeerDAS blob to data-column test migration), not EIP-8025 proof work [raw:lh-files/063.diff]
LH0090	064	beacon_node/http_api/tests/tests.rs	make_signed_execution_payload_bid + test_post_beacon_execution_payload_bid_json/_ssz + post_beacon_execution_payload_bid	modified	C10	NONE	LH-arch-choice	Adds execution-payload-bid API tests asserting a structurally valid JSON/SSZ bid reaches and is rejected by gossip verification [raw:lh-files/064.diff]	NONE	Upstream base-branch drift (gloas ePBS endpoint tests), not EIP-8025 proof work [raw:lh-files/064.diff]
LH0091	064	beacon_node/http_api/tests/tests.rs	blob_data_available assertion + test_payload_attestation_unavailable_without_envelope + payload_attestation_unavailable_without_envelope	modified	C10	NONE	LH-arch-choice	Adds a blob_data_available assertion and a test that payload attestation data reports payload_present=false and blob_data_available=false when the envelope is withheld [raw:lh-files/064.diff]	NONE	Upstream base-branch drift (gloas payload-attestation availability tests), not EIP-8025 proof work [raw:lh-files/064.diff]
LH0092	064	beacon_node/http_api/tests/tests.rs	get_blob_sidecars ApiTesterConfig change (Supernode + electra/fulu fork epochs)	modified	C10	NONE	LH-arch-choice	Rebuilds ApiTesterConfig with node_custody_type Supernode and enables electra/fulu fork epochs in get_blob_sidecars [raw:lh-files/064.diff]	NONE	Upstream base-branch drift (PeerDAS/fulu blob-sidecar test config), not EIP-8025 proof work [raw:lh-files/064.diff]
LH0093	065	beacon_node/lighthouse_network/src/config.rs	Config.enable_execution_proof field + Default	modified	C7	NONE	LH-arch-choice	Adds enable_execution_proof (Default false) gating the optional EIP-8025 execution-proof gossip/RPC protocols [raw:lh-files/065.diff]	NONE	Opt-in network config flag for the EIP-8025 proof gossip/RPC protocols; default-off keeps the protocols disabled [raw:lh-files/065.diff]
LH0094	065	beacon_node/lighthouse_network/src/config.rs	Config.enable_mplex field + Default	modified	C7	NONE	LH-arch-choice	Adds enable_mplex (Default false) for the deprecated mplex multiplexer alongside yamux [raw:lh-files/065.diff]	NONE	Not EIP-8025 proof work (deprecated mplex multiplexer flag), unrelated upstream config addition [raw:lh-files/065.diff]
LH0095	066	beacon_node/lighthouse_network/src/discovery/enr.rs	EXECUTION_PROOF_ENR_KEY + execution_proof_enabled + build_enr advertise + compare_enr	modified	C2	NONE	LH-arch-choice	Adds ENR field eproof (EXECUTION_PROOF_ENR_KEY) advertised when config.enable_execution_proof, with the execution_proof_enabled() accessor and compare_enr check [raw:lh-files/066.diff]	NONE	ENR-based discovery advertisement of optional execution-proof support; implementation mechanism, not a spec-mandated field [raw:lh-files/066.diff]
LH0096	067	beacon_node/lighthouse_network/src/peer_manager/mod.rs	rpc-error PeerAction match arms for ExecutionProofsByRange/ByRoot/Status	modified	C3	NONE	LH-arch-choice	Adds ExecutionProofsByRange/ByRoot and ExecutionProofStatus to the RPC error and rate-limited PeerAction match arms (MidToleranceError / return) [raw:lh-files/067.diff]	NONE	Peer-scoring wiring for the EIP-8025 req/resp proof protocols [raw:lh-files/067.diff]
LH0097	068	beacon_node/lighthouse_network/src/peer_manager/peerdb.rs	__add_connected_peer_with_custody_subnets / __add_connected_peer / __set_custody_subnets refactor	modified	C10	NONE	LH-arch-choice	Splits __add_connected_peer_testing_only into __add_connected_peer plus __add_connected_peer_with_custody_subnets and __set_custody_subnets, all marked MUST ONLY BE USED IN TESTS [raw:lh-files/068.diff]	NONE	Test-only PeerDB custody-subnet helper refactor (PeerDAS custody), not EIP-8025 proof work [raw:lh-files/068.diff]
LH0098	069	beacon_node/lighthouse_network/src/rpc/codec.rs	handle_rpc_request/response + encoder arms for ExecutionProofsByRange/ByRoot/Status	modified	C3	NONE	LH-arch-choice	Adds SSZ-snappy encode/decode arms for ExecutionProofsByRange/ByRoot (SignedExecutionProof per chunk) and ExecutionProofStatus [raw:lh-files/069.diff]	[raw:lh-files/069.diff]	Req/resp codec encode/decode plumbing for the execution-proof protocols [raw:lh-files/069.diff]
LH0099	069	beacon_node/lighthouse_network/src/rpc/codec.rs	mod tests: eprange_request/eproot_request/epstatus_request + roundtrip	modified	C10	NONE	LH-arch-choice	Adds SSZ round-trip test coverage for the ExecutionProofsByRange/ByRoot requests and ExecutionProofStatus [raw:lh-files/069.diff]	[raw:lh-files/069.diff]	Test coverage for the execution-proof req/resp codec [raw:lh-files/069.diff]
LH0100	070	beacon_node/lighthouse_network/src/rpc/config.rs	RateLimiterConfig execution_proofs_by_range/root + status quotas + FromStr parsing	modified	C3	NONE	LH-arch-choice	Adds default 128-every-10s rate-limit quotas and FromStr parsing for ExecutionProofsByRange/ByRoot and ExecutionProofStatus [raw:lh-files/070.diff]	NONE	Req/resp rate-limit configuration for the proof protocols; the 128/10s default is an implementation value [raw:lh-files/070.diff]
LH0101	071	beacon_node/lighthouse_network/src/rpc/methods.rs	ExecutionProofStatus + ExecutionProofsByRange/ByRoot request structs (SSZ encode/decode, len bounds, max_requested)	modified	C3	NONE	LH-arch-choice	Defines the ExecutionProofStatus, ExecutionProofsByRangeRequest and ExecutionProofsByRootRequest req/resp containers with SSZ encode/decode, length bounds and max_requested=count*MaxExecutionProofsPerPayload [raw:lh-files/071.diff]	[raw:lh-files/069.diff]	Req/resp message-type definitions realizing the proof protocols; the count bound and SSZ-container encoding are the wire schema of one reference client [raw:lh-files/071.diff]
LH0102	071	beacon_node/lighthouse_network/src/rpc/methods.rs	RpcSuccessResponse + ResponseTermination EP variants + Display	modified	C3	NONE	LH-arch-choice	Adds ExecutionProofsByRange/ByRoot/Status variants to RpcSuccessResponse and ResponseTermination with Display and protocol/slot accessors [raw:lh-files/071.diff]	NONE	Response-enum wiring for the proof protocols [raw:lh-files/071.diff]
LH0103	072	beacon_node/lighthouse_network/src/rpc/mod.rs	RPC struct/new enable_execution_proof field + RPCProtocol wiring	modified	C3	NONE	LH-arch-choice	Threads enable_execution_proof through RPC::new and into RPCProtocol for inbound/outbound upgrades [raw:lh-files/072.diff]	NONE	Gating wiring so the proof req/resp protocols are offered only when enabled [raw:lh-files/072.diff]
LH0104	073	beacon_node/lighthouse_network/src/rpc/protocol.rs	Protocol/SupportedProtocol EP variants + SIGNED_EXECUTION_PROOF_MIN/MAX_SIZE + RpcLimits + supported_protocols gating	modified	C3	NONE	LH-arch-choice	Registers execution_proofs_by_range/root and execution_proof_status protocol ids (V1), their RpcLimits derived from MaxProofSize/MaxExecutionProofsPerPayload, offered only when enable_execution_proof [raw:lh-files/073.diff]	NONE	Req/resp protocol registration and size limits for the proof protocols [raw:lh-files/073.diff]
LH0105	074	beacon_node/lighthouse_network/src/rpc/rate_limiter.rs	proofrange_rl/proofroots_rl/proofstatus_rl limiters + builder + prune	modified	C3	NONE	LH-arch-choice	Adds per-protocol rate limiters for ExecutionProofsByRange/ByRoot/Status wired through the builder, set_quota and prune [raw:lh-files/074.diff]	NONE	Req/resp rate-limiter plumbing for the proof protocols [raw:lh-files/074.diff]
LH0106	075	beacon_node/lighthouse_network/src/service/api_types.rs	ExecutionProofs* request-ids + Response EP variants + From<Response> + impl_display	modified	C3	NONE	LH-arch-choice	Adds SyncRequestId and Response variants plus request-id types for the three execution-proof protocols with RpcResponse conversion and Display [raw:lh-files/075.diff]	NONE	Service-layer response and request-id wiring for the proof protocols [raw:lh-files/075.diff]
LH0107	075	beacon_node/lighthouse_network/src/service/api_types.rs	removal of SyncRequestId::SingleBlob	modified	C9	NONE	LH-arch-choice	Removes the SingleBlob SyncRequestId variant [raw:lh-files/075.diff]	NONE	Appears upstream base-branch drift (PeerDAS blob-lookup removal), not EIP-8025 proof work [raw:lh-files/075.diff]
LH0108	076	beacon_node/lighthouse_network/src/service/gossip_cache.rs	GossipKind::ExecutionProof => None	modified	C2	NONE	LH-arch-choice	Maps GossipKind::ExecutionProof to no gossip-cache rebroadcast timeout (None) [raw:lh-files/076.diff]	NONE	Execution-proof gossip messages are not retried from the gossip cache; implementation choice [raw:lh-files/076.diff]
LH0109	076	beacon_node/lighthouse_network/src/service/gossip_cache.rs	removal of blob_sidecar timeout field/builder/insert arm	modified	C2	NONE	LH-arch-choice	Removes the blob_sidecar gossip-cache timeout field, builder and BlobSidecar insert arm [raw:lh-files/076.diff]	NONE	Appears upstream base-branch drift (blob-gossip removal), not EIP-8025 proof work [raw:lh-files/076.diff]
LH0110	077	beacon_node/lighthouse_network/src/service/mod.rs	RPC::new enable_execution_proof arg + EP RequestReceived metrics + build_response + stream termination	modified	C3	NONE	LH-arch-choice	Passes config.enable_execution_proof to RPC::new and routes ExecutionProofsByRange/ByRoot/Status requests, responses and stream terminations through the network service [raw:lh-files/077.diff]	NONE	Service-layer req/resp wiring for the proof protocols [raw:lh-files/077.diff]
LH0111	077	beacon_node/lighthouse_network/src/service/mod.rs	build_transport enable_mplex arg	modified	C2	NONE	LH-arch-choice	Passes config.enable_mplex to build_transport for yamux/mplex multiplexer selection [raw:lh-files/077.diff]	NONE	Mplex multiplexer wiring, not EIP-8025 proof work [raw:lh-files/077.diff]
LH0112	078	beacon_node/lighthouse_network/src/service/utils.rs	create_whitelist_filter add(ExecutionProof)	modified	C2	NONE	LH-arch-choice	Adds GossipKind::ExecutionProof to the gossipsub topic whitelist filter [raw:lh-files/078.diff]	NONE	Whitelists the execution_proof gossip topic [raw:lh-files/078.diff]
LH0113	078	beacon_node/lighthouse_network/src/service/utils.rs	build_transport enable_mplex yamux-only vs yamux+mplex refactor	modified	C2	NONE	LH-arch-choice	Refactors build_transport to select yamux-only or yamux+mplex based on enable_mplex [raw:lh-files/078.diff]	NONE	Mplex multiplexer transport option, not EIP-8025 proof work [raw:lh-files/078.diff]
LH0114	078	beacon_node/lighthouse_network/src/service/utils.rs	removal of per-blob-subnet whitelist adds	modified	C2	NONE	LH-arch-choice	Removes the per-blob-subnet BlobSidecar entries from the gossipsub whitelist filter [raw:lh-files/078.diff]	NONE	Appears upstream base-branch drift (blob-subnet removal), not EIP-8025 proof work [raw:lh-files/078.diff]
LH0115	079	beacon_node/lighthouse_network/src/types/globals.rs	as_topic_config enable_execution_proof	modified	C2	NONE	LH-arch-choice	Propagates config.enable_execution_proof into TopicConfig via as_topic_config [raw:lh-files/079.diff]	NONE	Topic-config wiring for the execution_proof gossip topic [raw:lh-files/079.diff]
LH0116	080	beacon_node/lighthouse_network/src/types/pubsub.rs	PubsubMessage::ExecutionProof variant + kind + decode/encode + Display	modified	C2	NONE	LH-arch-choice	Adds PubsubMessage::ExecutionProof(SignedExecutionProof) with SSZ decode/encode on the execution_proof topic and Display [raw:lh-files/080.diff]	NONE	Gossip message plumbing for the execution_proof topic; decoding only deserializes SignedExecutionProof, validation lives in process_gossip_execution_proof [raw:lh-files/080.diff]
LH0117	080	beacon_node/lighthouse_network/src/types/pubsub.rs	removal of PubsubMessage::BlobSidecar variant + decode/encode/Display	modified	C2	NONE	LH-arch-choice	Removes the BlobSidecar PubsubMessage variant and its decode, encode and Display arms [raw:lh-files/080.diff]	NONE	Appears upstream base-branch drift (blob-gossip removal), not EIP-8025 proof work [raw:lh-files/080.diff]
LH0118	081	beacon_node/lighthouse_network/src/types/topics.rs	EXECUTION_PROOF_TOPIC + GossipKind::ExecutionProof + TopicConfig.enable_execution_proof + core_topics push + parsing/Display	modified	C2	NONE	LH-arch-choice	Registers the execution_proof gossip topic (GossipKind::ExecutionProof), subscribed when enable_execution_proof, with topic parsing and Display [raw:lh-files/081.diff]	NONE	Gossip topic registration; the topic string execution_proof matches the spec-named gossip topic but the registration itself is implementation wiring [raw:lh-files/081.diff]
LH0119	081	beacon_node/lighthouse_network/src/types/topics.rs	removal of BLOB_SIDECAR_PREFIX/GossipKind::BlobSidecar + blob subscription + blobs_are_not_subscribed_in_peerdas test	modified	C2	NONE	LH-arch-choice	Removes BLOB_SIDECAR_PREFIX, GossipKind::BlobSidecar, the blob-subnet core-topic subscription and the blobs_are_not_subscribed_in_peerdas test [raw:lh-files/081.diff]	NONE	Appears upstream base-branch drift (blob-gossip topic removal), not EIP-8025 proof work [raw:lh-files/081.diff]
LH0120	082	beacon_node/network/src/lib.rs	pub use network_beacon_processor::NetworkBeaconProcessor	modified	C-unassigned	NONE	LH-arch-choice	Re-exports NetworkBeaconProcessor from the network crate root [raw:lh-files/082.diff]	NONE	Crate re-export exposing NetworkBeaconProcessor, supporting the now un-gated test/integration harness [raw:lh-files/085.diff]
LH0121	083	beacon_node/network/src/metrics.rs	removal of gossip-blob metrics (verified/delay/late)	modified	C2	NONE	LH-arch-choice	Removes the gossip-blob metrics BEACON_PROCESSOR_GOSSIP_BLOB_VERIFIED_TOTAL, BEACON_BLOB_DELAY_GOSSIP, BEACON_BLOB_DELAY_GOSSIP_VERIFICATION and BEACON_BLOB_GOSSIP_ARRIVED_LATE_TOTAL [raw:lh-files/083.diff]	NONE	Appears upstream base-branch drift (blob-gossip metrics removal), not EIP-8025 proof work [raw:lh-files/083.diff]
LH0122	084	beacon_node/network/src/network_beacon_processor/gossip_methods.rs	process_gossip_execution_proof + is_invalid_execution_proof_error	modified	C2	R011,R015,R016,R018	spec-driven	Maps verify_and_observe_execution_proof outcomes to gossip actions: Accept on Valid/Accepted, Ignore on Syncing when the payload request is not yet seen R011, Reject and penalize on Invalid engine result R018 and on InvalidSignature R015 or EmptyProofData R016 via is_invalid_execution_proof_error [raw:lh-files/084.diff]	NONE	PROV-SPEC gossip forward/reject decision from the provisional spec snapshot; the underlying checks are delegated to verify_and_observe_execution_proof (see LH0024, LH0029) [OPEN-Q1] [raw:lh-files/084.diff]
LH0123	084	beacon_node/network/src/network_beacon_processor/gossip_methods.rs	process_rpc_execution_proof	modified	C3	NONE	LH-arch-choice	Verifies RPC-received proofs via verify_and_observe_execution_proof and reports peers (LowToleranceError) on Invalid status or invalid-proof errors [raw:lh-files/084.diff]	NONE	RPC proof ingestion and peer-scoring; delegates validation to verify_and_observe_execution_proof [raw:lh-files/084.diff]
LH0124	084	beacon_node/network/src/network_beacon_processor/gossip_methods.rs	removal of process_gossip_blob / process_gossip_verified_blob	modified	C2	NONE	LH-arch-choice	Removes the blob gossip verification and processing path (process_gossip_blob, process_gossip_verified_blob and GossipBlobError handling) [raw:lh-files/084.diff]	NONE	Appears upstream base-branch drift (blob-gossip removal), not EIP-8025 proof work [raw:lh-files/084.diff]
LH0125	084	beacon_node/network/src/network_beacon_processor/gossip_methods.rs	data-column gossip reprocessing (allow_reprocess, UnknownBlockDataColumn, UnknownParentSidecarHeader)	modified	C6	NONE	LH-arch-choice	Adds allow_reprocess data-column reprocessing via ReprocessQueueMessage::UnknownBlockDataColumn and switches parent-unknown handling to SyncMessage::UnknownParentSidecarHeader [raw:lh-files/084.diff]	NONE	Appears upstream base-branch drift (PeerDAS data-column reprocessing and parent-lookup), not EIP-8025 proof work [raw:lh-files/084.diff]
LH0126	084	beacon_node/network/src/network_beacon_processor/gossip_methods.rs	process_gossip_proposer_slashing/attester_slashing return MessageAcceptance refactor	modified	C2	NONE	LH-arch-choice	Refactors the proposer/attester slashing gossip handlers to return MessageAcceptance, distinguishing Reject on a validation error from Ignore on a chain error [raw:lh-files/084.diff]	NONE	Appears upstream base-branch drift (gossip slashing validation-result refactor), not EIP-8025 proof work [raw:lh-files/084.diff]
LH0127	085	beacon_node/network/src/network_beacon_processor/mod.rs	send_gossip_execution_proof + send_rpc_execution_proof	modified	C2	NONE	LH-arch-choice	Spawns process_gossip_execution_proof and process_rpc_execution_proof via the task executor [raw:lh-files/085.diff]	NONE	Work-dispatch wrappers for gossip and RPC proof verification [raw:lh-files/085.diff]
LH0128	085	beacon_node/network/src/network_beacon_processor/mod.rs	send_execution_proofs_by_range_request + send_execution_proofs_by_root_request	modified	C3	NONE	LH-arch-choice	spawn_blocking dispatch to handle_execution_proofs_by_range_request and handle_execution_proofs_by_root_request serving handlers [raw:lh-files/085.diff]	NONE	Serving-dispatch wrappers for the ExecutionProofsByRange/ByRoot RPC; the serving handlers themselves live in rpc_methods (manifest index 086) [raw:lh-files/085.diff]
LH0129	085	beacon_node/network/src/network_beacon_processor/mod.rs	local_execution_proof_status	modified	C3	R035	spec-driven	Builds the ExecutionProofStatus reply {block_root, slot, proof_types} from the canonical head and configured proof types via latest_execution_proof_status, the responder local status required by R035 [raw:lh-files/085.diff]	NONE	PROV-SPEC local execution-proof status reply from the provisional spec snapshot; proof_types filtered to configured types relates to R032 [OPEN-Q1] [raw:lh-files/085.diff]
LH0130	085	beacon_node/network/src/network_beacon_processor/mod.rs	test-harness un-gating (TestBeaconChainType/null_for_testing) + null_from_harness	modified	C10	NONE	LH-arch-choice	Removes the #[cfg(test)] gate from TestBeaconChainType and the null_for_testing impl and adds null_from_harness for integration tests [raw:lh-files/085.diff]	NONE	Test-observability harness compiled into the crate for execution-proof integration tests [raw:lh-files/085.diff]
LH0131	085	beacon_node/network/src/network_beacon_processor/mod.rs	removal of blob wiring + EngineGetBlobsOutput publish_fn retype + allow_reprocess param	modified	C6	NONE	LH-arch-choice	Removes send_gossip_blob_sidecar, send_rpc_blobs, publish_blobs_gradually and BLOB_PUBLICATION_EXP_FACTOR, retypes the fetch_engine_blobs publish_fn to Vec<KzgVerifiedCustodyDataColumn> and threads allow_reprocess into send_gossip_data_column_sidecar [raw:lh-files/085.diff]	NONE	Appears upstream base-branch drift (PeerDAS blob to data-column processor wiring), not EIP-8025 proof work [raw:lh-files/085.diff]
LH0132	086	beacon_node/network/src/network_beacon_processor/rpc_methods.rs	fn handle_execution_proofs_by_range_request(_inner), check_execution_proofs_by_range_window, proof_serve_range	modified	C3	R006,R019,R020	spec-driven	handle_execution_proofs_by_range_request_inner serves proofs via chain.execution_proofs_by_range within proof_serve_range and returns ResourceUnavailable outside it (check_execution_proofs_by_range_window), implementing ExecutionProofsByRange serving [raw:lh-files/086.diff]	NONE	PROV-SPEC: proof_serve_range derives the lower bound as finalized_checkpoint.epoch.start_slot, matching the provisional snapshot form rather than the EIP finalized_checkpoint.slot text (R006 divergence); R019/R020 are spec-snapshot [OPEN-Q1] [raw:lh-files/086.diff]
LH0133	086	beacon_node/network/src/network_beacon_processor/rpc_methods.rs	fn handle_execution_proofs_by_root_request(_inner), canonical_block_slot	modified	C3	R006,R027,R028	spec-driven	handle_execution_proofs_by_root_request_inner serves proofs for canonical block roots within proof_serve_range via execution_proofs_by_block_root and returns ResourceUnavailable when all requested canonical roots fall outside the range, implementing ExecutionProofsByRoot serving [raw:lh-files/086.diff]	NONE	PROV-SPEC: serve-range lower bound uses finalized_checkpoint.epoch.start_slot per the provisional snapshot form (R006 divergence); R027/R028 are spec-snapshot [OPEN-Q1] [raw:lh-files/086.diff]
LH0134	086	beacon_node/network/src/network_beacon_processor/rpc_methods.rs	fn requested_or_configured_proof_types; imports ExecutionProofsBy{Range,Root}Request, ProofType	modified	C3	NONE	LH-arch-choice	requested_or_configured_proof_types returns the requested proof types, or when empty falls back to the execution layer configured proof_types; a local default-selection choice not fixed by any requirement [raw:lh-files/086.diff]	NONE	Proof-type defaulting to EL-configured types is an implementation choice of this reference implementation [raw:lh-files/086.diff]
LH0135	087	beacon_node/network/src/network_beacon_processor/sync_methods.rs	enum BlockProcessingResult, From<Result<AvailabilityProcessingStatus,BlockError>>, enum WhichPeerToPenalize + apply, ignore_fn closure	modified	C9	NONE	LH-arch-choice	Adds BlockProcessingResult (Imported/ParentUnknown/Error) with a From impl mapping each BlockError to an optional peer penalty and WhichPeerToPenalize (BlockPeer/CustodyPeerForColumn) apply; the dropped-task closure now yields Error with reason ignored_processor_overloaded instead of Ignored [raw:lh-files/087.diff]	[raw:lh-files/104.diff]	Lookup result and peer-penalty model refactor for the sync state machine, not EIP-8025 proof work [raw:lh-files/087.diff]
LH0136	087	beacon_node/network/src/network_beacon_processor/sync_methods.rs	removed generate_rpc_blobs_process_fn, process_rpc_blobs; import changes	modified	C9	NONE	LH-arch-choice	Removes generate_rpc_blobs_process_fn and process_rpc_blobs, the direct RPC blob import path [raw:lh-files/087.diff]	[raw:lh-files/088.diff]	Appears upstream base-branch drift (PeerDAS blob->data-column, RPC blob import path removal), not EIP-8025 proof work [raw:lh-files/087.diff]
LH0137	088	beacon_node/network/src/network_beacon_processor/tests.rs	removed next_blobs field, enqueue_gossip_blob, enqueue_single_lookup_rpc_blobs, per-test blob loops; send_gossip_data_column_sidecar bool arg	modified	C10	NONE	LH-arch-choice	Removes the TestRig next_blobs field and the enqueue_gossip_blob / enqueue_single_lookup_rpc_blobs helpers and their per-test blob loops, and adds a new bool argument to the send_gossip_data_column_sidecar call [raw:lh-files/088.diff]	NONE	Appears upstream base-branch drift (PeerDAS blob->data-column test-harness removal), not EIP-8025 proof work [raw:lh-files/088.diff]
LH0138	089	beacon_node/network/src/router.rs	RequestType::ExecutionProofStatus arm (send_response local_execution_proof_status; send_to_sync RpcExecutionProofStatus)	modified	C3	R035	spec-driven	On an inbound ExecutionProofStatus request the router replies with Response::ExecutionProofStatus(local_execution_proof_status()), the responder-local-status reply required by R035 [raw:lh-files/089.diff]	NONE	PROV-SPEC responder local execution-proof status reply from the provisional spec snapshot; the reply payload is built at index 085 (LH0129) and the request is also forwarded to sync as RpcExecutionProofStatus [OPEN-Q1] [raw:lh-files/089.diff]
LH0139	089	beacon_node/network/src/router.rs	RequestType::ExecutionProofsByRange/ByRoot arms; Response ExecutionProofsByRange/ByRoot/Status arms; on_execution_proofs_by_range_response, on_execution_proofs_by_root_response, on_execution_proof_status_response	modified	C3	NONE	LH-arch-choice	Routes inbound ExecutionProofsByRange/ByRoot requests to send_execution_proofs_by_range/root_request and forwards ByRange/ByRoot/Status responses via on_*_response into sync (SyncMessage::RpcExecutionProof / RpcExecutionProofStatus); message-routing wiring [raw:lh-files/089.diff]	NONE	Router dispatch wiring the index-086 serving handlers and requester responses to sync [raw:lh-files/089.diff]
LH0140	089	beacon_node/network/src/router.rs	PubsubMessage::ExecutionProof arm -> send_gossip_execution_proof	modified	C2	NONE	LH-arch-choice	Adds a PubsubMessage::ExecutionProof arm routing gossiped proofs to network_beacon_processor.send_gossip_execution_proof; gossip-routing wiring [raw:lh-files/089.diff]	NONE	Gossip receipt routing only; proof gossip forward/reject validation is handled in the beacon processor (see LH0122) [raw:lh-files/089.diff]
LH0141	089	beacon_node/network/src/router.rs	removed on_blobs_by_root_response and PubsubMessage::BlobSidecar arm; BlobsByRoot response now crit log; send_gossip_data_column_sidecar bool arg	modified	C9	NONE	LH-arch-choice	Removes on_blobs_by_root_response and the BlobSidecar gossip arm, turns any BlobsByRoot response into a crit log (lookup blob requests removed), and adds the new bool arg to send_gossip_data_column_sidecar [raw:lh-files/089.diff]	[raw:lh-files/104.diff]	Appears upstream base-branch drift (PeerDAS blob-lookup and blob-gossip removal), not EIP-8025 proof work [raw:lh-files/089.diff]
LH0142	090	beacon_node/network/src/sync/backfill_sync/mod.rs	cfg_attr(disable-backfill, allow(dead_code)) on SyncStart, BackFillSync impl, ResetEpochError; test helper rename	modified	C9	NONE	LH-arch-choice	Adds cfg_attr(feature = disable-backfill, allow(dead_code)) to SyncStart/BackFillSync/ResetEpochError and renames the test helper __add_connected_peer_testing_only to __add_connected_peer_with_custody_subnets [raw:lh-files/090.diff]	NONE	Appears upstream base-branch drift (disable-backfill feature gating and PeerDAS custody-subnet test helper), not EIP-8025 proof work [raw:lh-files/090.diff]
LH0143	091	beacon_node/network/src/sync/block_lookups/common.rs	whole file (trait RequestState, enum ResponseType, impls for Block/Blob/Custody request states)	deleted	C9	NONE	LH-arch-choice	Deletes common.rs, removing the RequestState trait, ResponseType enum, and its Block/Blob/Custody request-state impls that unified single-lookup request handling [raw:lh-files/091.diff]	[raw:lh-files/104.diff]	Block-lookup rework removing the trait-based request abstraction, consolidated into single_block_lookup (index 093); not EIP-8025 proof work [raw:lh-files/091.diff]
LH0144	092	beacon_node/network/src/sync/block_lookups/mod.rs	enum BlockComponent (Block+Sidecar); removed Action enum; on_block_download_response/on_custody_download_response; on_processing_result dispatch; BlockProcessingResult import	modified	C9	NONE	LH-arch-choice	Collapses BlockComponent to Block/Sidecar and removes the Action enum and the RequestState-generic on_download_response_inner/on_processing_result_inner, delegating to per-type on_block_download_response/on_custody_download_response and lookup.on_block/data_processing_result; BlockProcessingResult now imported from network_beacon_processor [raw:lh-files/092.diff]	[raw:lh-files/104.diff]	Block-lookup state-machine refactor with blob lookup decoupled, not EIP-8025 proof work [raw:lh-files/092.diff]
LH0145	092	beacon_node/network/src/sync/block_lookups/mod.rs	on_lookup_result LookupResult::ParentUnknown arm; add_peers_to_lookup_and_ancestors parent_id recursion	modified	C9	NONE	LH-arch-choice	Handles the new LookupResult::ParentUnknown in on_lookup_result by searching for the parent lookup and dropping the child on failure, and fixes the ancestor recursion to recurse on parent_id [raw:lh-files/092.diff]	[raw:lh-files/104.diff]	Part of the block-lookup ParentUnknown flow moved out of processing-result handling, not EIP-8025 proof work [raw:lh-files/092.diff]
LH0146	093	beacon_node/network/src/sync/block_lookups/single_block_lookup.rs	struct BlockRequest, enum DataRequest; SingleBlockLookup{block_request,data_request}; continue_requests rewrite; on_block/data_processing_result; on_block/custody_download_response; LookupResult::ParentUnknown; removed ComponentRequests/Blob/Custody/BlockRequestState	modified	C9	NONE	LH-arch-choice	Replaces ComponentRequests and the Blob/Custody/BlockRequestState structs with BlockRequest/DataRequest, rewrites continue_requests to drive block then custody-column data requests with no blob lookup, and adds on_block/data_processing_result and on_block/custody_download_response returning the new LookupResult::ParentUnknown [raw:lh-files/093.diff]	[raw:lh-files/104.diff]	Single-block-lookup state-machine rewrite decoupling blob requests, not EIP-8025 proof work [raw:lh-files/093.diff]
LH0147	093	beacon_node/network/src/sync/block_lookups/single_block_lookup.rs	State::Processed(reason,T); maybe_start_downloading, on_download_response; max-attempts in on_download_failure/on_processing_failure; LookupRequestError simplified; DownloadResult new()	modified	C9	NONE	LH-arch-choice	State::Processed now carries the processed value, adds maybe_start_downloading/on_download_response helpers, moves the SINGLE_BLOCK_LOOKUP_MAX_ATTEMPTS check into on_download_failure/on_processing_failure (LookupRequestError::TooManyAttempts loses cannot_process and MissingComponentsAfterAllProcessed is removed), and DownloadResult drops block_root with a new() constructor [raw:lh-files/093.diff]	[raw:lh-files/104.diff]	Request-state bookkeeping refactor within the lookup rewrite, not EIP-8025 proof work [raw:lh-files/093.diff]
LH0148	094	beacon_node/network/src/sync/block_sidecar_coupling.rs	enum CouplingError visibility pub(crate)->pub; test fulu_fork_epoch=None with assertion is_err->is_ok	modified	C9	NONE	LH-arch-choice	Makes CouplingError pub and updates the coupling test to pin fulu_fork_epoch=None and assert the response is Ok because blobs are no longer required for availability [raw:lh-files/094.diff]	NONE	Appears upstream base-branch drift (blobs no longer required for availability under PeerDAS), not EIP-8025 proof work [raw:lh-files/094.diff]
LH0149	095	beacon_node/network/src/sync/custody_backfill_sync/mod.rs	cfg_attr(disable-backfill, allow(dead_code)) on CustodyBackFillSync impl	modified	C9	NONE	LH-arch-choice	Adds cfg_attr(feature = disable-backfill, allow(dead_code)) to the CustodyBackFillSync impl [raw:lh-files/095.diff]	NONE	Appears upstream base-branch drift (disable-backfill feature gating), not EIP-8025 proof work [raw:lh-files/095.diff]
LH0150	096	beacon_node/network/src/sync/manager.rs	proof_sync: ProofSync field + construction with EL proof_types; add_peer gate; range-sync pause; start on subscribe_core_topics; proof_sync_interval poll; on_proof_capable_peer_disconnected; RPC error routing ExecutionProofsByRange/Root/Status	modified	C9	NONE	LH-arch-choice	Adds a ProofSync field described as a catch-up mechanism for missing optional execution proofs, wiring it into peer add (gated on config.enable_execution_proof and is_proof_capable_peer), range-sync pause, core-topic start, a per-slot poll interval, peer-disconnect, and RPC error routing for the ExecutionProofsByRange/ByRoot/Status request ids [raw:lh-files/096.diff]	NONE	Optional execution-proof catch-up sync is an implementation mechanism of this reference implementation supporting the proof backfill enabled by R002 retention; active only under config.enable_execution_proof [raw:lh-files/096.diff]
LH0151	096	beacon_node/network/src/sync/manager.rs	SyncMessage::RpcExecutionProof/RpcExecutionProofStatus variants; rpc_execution_proof_received; RpcExecutionProofStatus -> proof_sync.on_peer_execution_proof_status	modified	C9	NONE	LH-arch-choice	Adds SyncMessage::RpcExecutionProof/RpcExecutionProofStatus and their handlers: rpc_execution_proof_received forwards a received proof to beacon_processor.send_rpc_execution_proof or terminates the range/root request on stream end, and status messages are routed to proof_sync [raw:lh-files/096.diff]	NONE	Sync-side message plumbing for the execution-proof catch-up engine [raw:lh-files/096.diff]
LH0152	096	beacon_node/network/src/sync/manager.rs	removed on_single_blob_response and SingleBlob handling; UnknownParent{Blob,DataColumn,PartialDataColumn}->UnknownParentSidecarHeader; removed manager BlockProcessingResult enum + From impls; on_block/custody_download_response; disable-backfill sync_state; ee_responsiveness_watch stream refactor	modified	C9	NONE	LH-arch-choice	Removes on_single_blob_response and SingleBlob handling, consolidates UnknownParentBlob/DataColumn/PartialDataColumn into UnknownParentSidecarHeader, deletes the old manager BlockProcessingResult enum and its From impls (moved to network_beacon_processor), switches to on_block/custody_download_response, and adds disable-backfill sync_state gating plus an ee_responsiveness_watch stream refactor [raw:lh-files/096.diff]	[raw:lh-files/104.diff]	Appears upstream base-branch drift (PeerDAS blob-lookup removal and disable-backfill gating) mixed with the execution-proof sync wiring, not EIP-8025 proof work for these removals [raw:lh-files/096.diff]
LH0153	097	beacon_node/network/src/sync/mod.rs	mod proof_sync declaration; pub use network_context PeerGroup/SyncNetworkContext	modified	C9	NONE	LH-arch-choice	Adds mod proof_sync module declaration and re-exports PeerGroup/SyncNetworkContext from network_context [raw:lh-files/097.diff]	NONE	Module wiring for the optional execution-proof catch-up sync module (see index 103) [raw:lh-files/097.diff]
LH0154	098	beacon_node/network/src/sync/network_context.rs	request_execution_proofs_by_range/by_root, request_execution_proof_status, local_execution_proof_status, configured_proof_types(_vec), is_proof_capable_peer, proof_types field, CachedExecutionProofStatus, NoPeerError::ProofPeer	modified	C9	NONE	LH-arch-choice	New proof RPC request builders (request_execution_proofs_by_range/by_root, request_execution_proof_status) and is_proof_capable_peer gating on enr.execution_proof_enabled [raw:lh-files/098.diff]	NONE	Sync-side sender plumbing for the optional execution-proof catch-up; local_execution_proof_status builds the requester own status and CachedExecutionProofStatus adds a 300s refresh threshold [raw:lh-files/098.diff]
LH0155	098	beacon_node/network/src/sync/network_context.rs	removed blobs_by_root_requests + blob_lookup_request + on_single_blob_response + send_blobs_for_processing + to_fixed_blob_sidecar_list; LookupRequestResult<T,I> NoRequestNeeded value; custody_lookup_request block_slot; CustodyByRootResult DownloadResult	modified	C9	NONE	LH-arch-choice	Deletes the BlobsByRoot lookup machinery and generalizes LookupRequestResult to carry a value in NoRequestNeeded [raw:lh-files/098.diff]	[raw:lh-files/104.diff]	Upstream base-branch drift (PeerDAS blob-lookup removal) plus the lookup-result and custody DownloadResult refactor, not EIP-8025 proof work [raw:lh-files/098.diff]
LH0156	099	beacon_node/network/src/sync/network_context/custody.rs	CustodyRequestResult DownloadResult; NoRequestNeeded(..) match	modified	C9	NONE	LH-arch-choice	CustodyRequestResult now returns DownloadResult and matches NoRequestNeeded(..) [raw:lh-files/099.diff]	NONE	Upstream custody DownloadResult and lookup-result refactor, not EIP-8025 proof work [raw:lh-files/099.diff]
LH0157	100	beacon_node/network/src/sync/network_context/requests.rs	removed blobs_by_root module declaration and re-exports	modified	C9	NONE	LH-arch-choice	Drops mod blobs_by_root and its BlobsByRoot re-exports [raw:lh-files/100.diff]	NONE	Upstream PeerDAS blob-by-root lookup removal, not EIP-8025 proof work [raw:lh-files/100.diff]
LH0158	101	beacon_node/network/src/sync/network_context/requests/blobs_by_range.rs	BlobsByRangeRequestItems::add blank-line insertion	modified	C9	NONE	LH-arch-choice	Single blank-line insertion with no logic change [raw:lh-files/101.diff]	NONE	Whitespace-only upstream change [raw:lh-files/101.diff]
LH0159	102	beacon_node/network/src/sync/network_context/requests/blobs_by_root.rs	whole file (deleted)	deleted	C9	NONE	LH-arch-choice	File deleted removing BlobsByRootSingleBlockRequest and BlobsByRootRequestItems [raw:lh-files/102.diff]	NONE	Upstream PeerDAS blob-by-root lookup removal; deleted file [raw:lh-files/102.diff]
LH0160	103	beacon_node/network/src/sync/proof_sync.rs	ProofSync struct + ProofSyncState + start/pause/poll + by_range vs by_root selection + on_range/root_request_terminated/error + size fns	added	C9	NONE	LH-arch-choice	Module doc Catch-up mechanism for optional EIP-8025 execution proofs; poll chooses ExecutionProofsByRange vs ByRoot by estimated SSZ request size and dense_enough [raw:lh-files/103.diff]	NONE	Optional execution-proof catch-up engine, an implementation mechanism supporting proof backfill and active only under config.enable_execution_proof [raw:lh-files/103.diff]
LH0161	103	beacon_node/network/src/sync/proof_sync.rs	add_peer, on_peer_execution_proof_status, on_peer_status_failed, refresh_peer_statuses, best_peer	added	C9	R005,R032,R036	spec-driven	add_peer sends ExecutionProofStatus to a newly added proof-capable peer (R005), best_peer selects peers from cached ExecutionProofStatus by verified/slot (R036), and needed_types filters on status.proof_types (R032) [raw:lh-files/103.diff]	NONE	PROV-SPEC R032/R036 peer and proof-type selection SHOULDs from the provisional spec snapshot [OPEN-Q1]; on_peer_execution_proof_status also verifies the claimed head against the local canonical chain [raw:lh-files/103.diff]
LH0162	103	beacon_node/network/src/sync/proof_sync.rs	servable_missing_proofs, finalized_request_start_slot, tests::servable_missing_proofs_starts_at_finalized_slot	added	C9	NONE	LH-arch-choice	servable_missing_proofs filters missing proofs to slots at or after finalized_request_start_slot (finalized_checkpoint.epoch.start_slot) and at or below peer_slot [raw:lh-files/103.diff]	[raw:lh-files/103.diff]	Requester-side serve-window filter mirrors the snapshot proof_serve_range lower bound; implementation catch-up logic [raw:lh-files/103.diff]
LH0163	104	beacon_node/network/src/sync/tests/lookups.rs	removed BlobsByRoot test responses/corrupt_last_blob_*/trigger_with_last_unknown_blob_parent/insert_blob_to_da_checker/blob tests; deneb->fulu rigs; UnknownParentSidecarHeader; BlockProcessingResult::Error penalty refactor	modified	C10	NONE	LH-arch-choice	Deletes blob-lookup test helpers and tests and switches rigs to new_after_fulu with UnknownParentSidecarHeader [raw:lh-files/104.diff]	NONE	Upstream PeerDAS and lookup-rewrite test drift, not EIP-8025 proof work [raw:lh-files/104.diff]
LH0164	105	beacon_node/network/src/sync/tests/range.rs	earliest_available_slot Some(0); finalized_sync_not_enough_custody_peers_resume_after_peer_cgc_update test; send_peer_cgc_update_to_sync	modified	C10	NONE	LH-arch-choice	Adds a custody-peer CGC-update finalized-range-sync regression test [raw:lh-files/105.diff]	NONE	Upstream range-sync custody regression test, not EIP-8025 proof work [raw:lh-files/105.diff]
LH0165	106	beacon_node/src/cli.rs	proof-engine-endpoint, proof-types, execution-proof-quorum args	modified	C7	NONE	LH-arch-choice	Three new clap args proof-engine-endpoint, proof-types, and execution-proof-quorum with requires() dependency chains [raw:lh-files/106.diff]	NONE	CLI surface for the optional EIP-8025 proof engine and proof-verifying quorum; execution-proof-quorum is described as Non-default [raw:lh-files/106.diff]
LH0166	106	beacon_node/src/cli.rs	enable-mplex arg	modified	C7	NONE	LH-arch-choice	New enable-mplex flag enabling the mplex multiplexer alongside yamux [raw:lh-files/106.diff]	NONE	Upstream libp2p multiplexer flag, not EIP-8025 proof work [raw:lh-files/106.diff]
LH0167	107	beacon_node/src/config.rs	parse proof-engine-endpoint (enable_execution_proof), proof-types (ProofTypes), execution-proof-quorum (execution_proof_quorum.enabled + min_valid_proof_types)	modified	C7	NONE	LH-arch-choice	Parses the EIP-8025 proof CLI flags into el_config and client_config including enable_execution_proof and execution_proof_quorum [raw:lh-files/107.diff]	NONE	Config wiring for the optional proof engine and proof-verifying quorum; the quorum threshold enables the proof-verifying promotion path but is an implementation configuration knob [raw:lh-files/107.diff]
LH0168	107	beacon_node/src/config.rs	enable_mplex flag parse	modified	C7	NONE	LH-arch-choice	Sets config.enable_mplex from the --enable-mplex flag [raw:lh-files/107.diff]	NONE	Upstream libp2p multiplexer config, not EIP-8025 proof work [raw:lh-files/107.diff]
LH0169	108	book/src/help_bn.md	help entries execution-proof-quorum, proof-engine-endpoint, proof-types, enable-mplex	modified	C7	NONE	LH-arch-choice	Generated beacon-node help text for the new proof flags and the enable-mplex flag [raw:lh-files/108.diff]	NONE	Generated CLI help documentation reflecting the beacon-node proof flags and the upstream enable-mplex flag [raw:lh-files/108.diff]
LH0170	109	book/src/help_vc.md	help entries proof-engine-endpoint, proof-types (validator client)	modified	C8	NONE	LH-arch-choice	Generated validator-client help text describing proof-engine-endpoint (monitor, request, sign, submit proofs) and proof-types default 0,1,2,3 [raw:lh-files/109.diff]	NONE	Generated validator-client help documentation for the optional proof-generating flags [raw:lh-files/109.diff]
LH0171	110	common/eth2/src/lib.rs	post_beacon_pool_execution_proofs	modified	C8	NONE	LH-arch-choice	New client method POST beacon/pool/execution_proofs submitting a SignedExecutionProof list [raw:lh-files/110.diff]	NONE	Beacon-node HTTP client method for submitting signed execution proofs on the proof-generating submission path [raw:lh-files/110.diff]
LH0172	110	common/eth2/src/lib.rs	post_beacon_execution_payload_bid + post_beacon_execution_payload_bid_ssz	modified	C-unassigned	NONE	LH-arch-choice	New client methods POST v1/beacon/execution_payload_bid in json and ssz [raw:lh-files/110.diff]	NONE	Upstream Gloas ePBS payload-bid submission client, not EIP-8025 proof work [raw:lh-files/110.diff]
LH0173	111	consensus/fork_choice/src/fork_choice.rs	ParentImportStatus enum + is_parent_imported + get_parent_import_status	modified	C6	NONE	LH-arch-choice	Adds ParentImportStatus and get_parent_import_status checking a post-Gloas FULL child parent payload import [raw:lh-files/111.diff]	NONE	Upstream Gloas ePBS parent payload-import status in fork choice, not EIP-8025 proof work [raw:lh-files/111.diff]
LH0174	112	consensus/fork_choice/src/lib.rs	ParentImportStatus re-export	modified	C6	NONE	LH-arch-choice	Adds ParentImportStatus to the fork_choice re-export list [raw:lh-files/112.diff]	NONE	Re-export wiring for the Gloas ParentImportStatus added at index 111, not EIP-8025 proof work [raw:lh-files/112.diff]
LH0175	113	consensus/proto_array/Cargo.toml	dev-deps criterion, fixed_bytes; [[bench]] find_head	modified	C-unassigned	NONE	dependency	Adds criterion and fixed_bytes dev-dependencies and the find_head bench harness entry [raw:lh-files/113.diff]	NONE	Build-manifest change enabling the upstream find_head benchmark, not EIP-8025 proof work [raw:lh-files/113.diff]
LH0176	114	consensus/proto_array/benches/find_head.rs	whole file (build_chain, bench_find_head pre_gloas and gloas)	added	C10	NONE	LH-arch-choice	New criterion benchmark exercising ProtoArrayForkChoice find_head over 100 to 518000 block chains [raw:lh-files/114.diff]	NONE	Upstream fork-choice find_head performance benchmark for extended non-finality, not EIP-8025 proof work [raw:lh-files/114.diff]
LH0177	115	consensus/proto_array/src/error.rs	removed Error::InvalidParentIndex/InvalidBestChildIndex/InvalidBestNode and InvalidBestNodeInfo	modified	C6	NONE	LH-arch-choice	Deletes proto_array best-node error variants and the InvalidBestNodeInfo struct [raw:lh-files/115.diff]	NONE	Upstream proto_array find_head rewrite removing best-node sanity-check errors, not EIP-8025 proof work [raw:lh-files/115.diff]
LH0178	116	consensus/proto_array/src/fork_choice_test_definition.rs	proposer_score_boost Some(50) to 50 in run()	modified	C10	NONE	LH-arch-choice	proposer_score_boost set as a plain u64 (previously Option) in the test definition spec [raw:lh-files/116.diff]	NONE	Upstream chain_spec proposer_score_boost type change from Option to u64, not EIP-8025 proof work [raw:lh-files/116.diff]
LH0179	117	consensus/proto_array/src/fork_choice_test_definition/gloas_payload.rs	proposer_score_boost Some(50) to 50 in gloas_spec and gloas_fork_boundary_spec	modified	C10	NONE	LH-arch-choice	proposer_score_boost set as a plain u64 in the gloas test definition specs [raw:lh-files/117.diff]	NONE	Upstream proposer_score_boost type change in the gloas fork-choice test definitions, not EIP-8025 proof work [raw:lh-files/117.diff]
LH0180	118	consensus/proto_array/src/proto_array.rs	children cache field + on_block maintenance + rebuild_children_index + maybe_prune shift; iterative filter_block_tree/find_filtered_block_tree rewrite; removed InvalidBestNode check; node_children uses cache	modified	C6	NONE	LH-arch-choice	Adds a cached children index and rewrites filter_block_tree as an iterative reverse pass to survive 500000+ blocks of non-finality [raw:lh-files/118.diff]	[raw:lh-files/116.diff]	Upstream proto_array find_head rewrite, not EIP-8025 proof work [raw:lh-files/118.diff]
LH0181	118	consensus/proto_array/src/proto_array.rs	get_proposer_score uses spec.proposer_score_boost directly	modified	C6	NONE	LH-arch-choice	get_proposer_score drops the Option match on proposer_score_boost [raw:lh-files/118.diff]	NONE	Upstream proposer_score_boost type change from Option to u64, not EIP-8025 proof work [raw:lh-files/118.diff]
LH0182	119	consensus/proto_array/src/proto_array_fork_choice.rs	children Vec init in ProtoArray constructor	modified	C6	NONE	LH-arch-choice	Initializes the new children index field in the ProtoArray constructor [raw:lh-files/119.diff]	NONE	Upstream children-cache initialization tied to the proto_array rewrite at index 118, not EIP-8025 proof work [raw:lh-files/119.diff]
LH0183	120	consensus/proto_array/src/ssz_container.rs	rebuild_children_index after SszContainerV29 deserialization	modified	C6	NONE	LH-arch-choice	Calls rebuild_children_index on deserialization to populate the transient children field [raw:lh-files/120.diff]	NONE	Upstream children-cache deserialization wiring tied to index 118, not EIP-8025 proof work [raw:lh-files/120.diff]
LH0184	121	consensus/types/src/core/chain_spec.rs	Domain::ExecutionProof variant + domain_execution_proof field (0x0D) + get_domain arm + test_domain(ExecutionProof)	modified	C7	NONE	LH-arch-choice	Adds the ExecutionProof signing domain (domain_execution_proof = 0x0D) used for SignedExecutionProof signatures [raw:lh-files/121.diff]	[raw:lh-files/121.diff]	Execution-proof BLS signing domain is an implementation constant; 0x0D duplicates domain_proposer_preferences 0x0D, a possible not-yet-finalized value [raw:lh-files/121.diff]
LH0185	121	consensus/types/src/core/chain_spec.rs	proposer_score_boost Option<u64> to u64 (field, mainnet/minimal defaults 40, Config ser/de unwrap_or)	modified	C6	NONE	LH-arch-choice	Changes proposer_score_boost from Option<u64> to u64 with a Config deserialization fallback to the chain_spec default [raw:lh-files/121.diff]	NONE	Upstream fork-choice proposer_score_boost type change, not EIP-8025 proof work [raw:lh-files/121.diff]
LH0186	122	consensus/types/src/core/config_and_preset.rs	get_extra_fields: domain_execution_proof entry	modified	C7	NONE	LH-arch-choice	adds "domain_execution_proof" => u32_hex(spec.domain_execution_proof) to get_extra_fields map [raw:lh-files/122.diff]	NONE	Exposes the execution-proof signature domain in config/preset output, adjacent to domain_proposer_preferences [raw:lh-files/122.diff]
LH0187	123	consensus/types/src/data/partial_data_column_sidecar.rs	cell/proof pairing via .zip	modified	C1	NONE	LH-arch-choice	replaces .and_then(|cell| self.kzg_proofs.get(storage_idx).map(|proof| (cell, proof))) with .zip(self.kzg_proofs.get(storage_idx)) [raw:lh-files/123.diff]	NONE	Combinator simplification of KZG cell/proof pairing, unrelated to execution proofs [raw:lh-files/123.diff]
LH0188	124	consensus/types/src/execution/eip8025.rs	SSZ containers PublicInput/ExecutionProof/SignedExecutionProof/ProofByRootIdentifier; size/domain constants	added	C1	NONE	LH-arch-choice	defines Encode/Decode/TreeHash proof containers with MaxProofSize = 1344 KiB (1,376,256 bytes) and DOMAIN_EXECUTION_PROOF = [0x0D,0x00,0x00,0x00] [raw:lh-files/124.diff]	[raw:lh-files/124.diff]	PublicInput holds only new_payload_request_root; MaxExecutionProofsPerPayload = U4; MIN_REQUIRED_EXECUTION_PROOFS = 1 [raw:lh-files/124.diff]
LH0189	124	consensus/types/src/execution/eip8025.rs	ProofStatus enum + accessors/Display; ProofAttributes; proof accessors; unit tests	added	C4	NONE	LH-arch-choice	defines enum ProofStatus { Valid, Invalid, Accepted, NotSupported, Syncing } plus accessor impls and cfg(test) round-trip tests [raw:lh-files/124.diff]	[raw:lh-files/124.diff]	Proof-verification status type and helper accessors [raw:lh-files/124.diff]
LH0190	125	consensus/types/src/execution/mod.rs	pub mod eip8025 + re-exports	modified	C1	NONE	LH-arch-choice	adds pub mod eip8025; and pub use eip8025::{...} re-exports [raw:lh-files/125.diff]	NONE	Module wiring exposing the new eip8025 proof types [raw:lh-files/125.diff]
LH0191	126	lighthouse/environment/Cargo.toml	[features] test-utils	modified	C10	NONE	LH-arch-choice	adds [features] test-utils = [] [raw:lh-files/126.diff]	NONE	Gates the new test_utils module behind a cargo feature [raw:lh-files/127.diff]
LH0192	127	lighthouse/environment/src/lib.rs	test_utils module decl + build_test_environment()	modified	C10	NONE	LH-arch-choice	adds #[cfg(feature = "test-utils")] pub mod test_utils; and build_test_environment returning TestEnvironment [raw:lh-files/127.diff]	[raw:lh-files/128.diff]	Test harness environment builder gated by the test-utils feature [raw:lh-files/128.diff]
LH0193	128	lighthouse/environment/src/test_utils.rs	TestEnvironment struct + core_context()	added	C10	NONE	LH-arch-choice	new TestEnvironment<E> with core_context() producing a RuntimeContext [raw:lh-files/128.diff]	NONE	Test-only environment wrapper for building runtime contexts [raw:lh-files/128.diff]
LH0194	129	scripts/local_testnet/network_params_eip8025.yaml	whole file	added	C10	NONE	CI-devnet	kurtosis network params: cl_image ethpandaops/lighthouse:eth-act-optional-proofs, --proof-engine-endpoint=http://mock/0/, fulu_fork_epoch: 0 [raw:lh-files/129.diff]	NONE	Mock proof-engine multi-node devnet topology [raw:lh-files/129.diff]
LH0195	130	scripts/local_testnet/network_params_eip8025_zkboost.yaml	whole file	added	C10	NONE	CI-devnet	zkboost devnet params: zkboost_params.image ghcr.io/eth-act/zkboost/zkboost:0.5.0, zkvms kind: mock, --proof-types=6 [raw:lh-files/130.diff]	NONE	zkboost mock-zkVM devnet topology with hardcoded proof-types=6 [raw:lh-files/130.diff]
LH0196	131	scripts/local_testnet/network_params_eip8025_zkboost_gpu.yaml	whole file	added	C10	NONE	CI-devnet	GPU zkboost devnet params: image ghcr.io/eth-act/ere/ere-server-zisk:0.6.1-cuda, device_ids ["0","1","2","3"], reth-zisk/ethrex-zisk provers [raw:lh-files/131.diff]	NONE	Real-GPU ZisK prover devnet topology [raw:lh-files/131.diff]
LH0197	132	scripts/local_testnet/start_eip8025_testnet.sh	whole file	added	C10	NONE	CI-devnet	kurtosis launch script: kurtosis run --enclave, LH_IMAGE_NAME=ethpandaops/lighthouse:eth-act-optional-proofs [raw:lh-files/132.diff]	NONE	Devnet bring-up script selecting the network params files [raw:lh-files/132.diff]
LH0198	133	testing/ef_tests/Cargo.toml	add lighthouse_network, network deps	modified	C10	NONE	dependency	adds lighthouse_network and network workspace dependencies [raw:lh-files/133.diff]	NONE	Dependencies for the new gossip_validation ef test case [raw:lh-files/137.diff]
LH0199	134	testing/ef_tests/check_all_files_accessed.py	excluded_paths networking exclusions	modified	C10	NONE	LH-arch-choice	replaces blanket tests/.*/.*/networking/.* exclusion with per-topic exclusions, keeping "# TODO: Remaining gossip validation topics not yet implemented" [raw:lh-files/134.diff]	NONE	Narrows exclusions so implemented gossip topics run while remaining topics stay excluded per the TODO [raw:lh-files/134.diff]
LH0200	135	testing/ef_tests/src/cases.rs	mod gossip_validation + re-export	modified	C10	NONE	LH-arch-choice	adds mod gossip_validation; and pub use gossip_validation::*; [raw:lh-files/135.diff]	[raw:lh-files/137.diff]	Registers the gossip_validation ef test case module [raw:lh-files/137.diff]
LH0201	136	testing/ef_tests/src/cases/fork_choice.rs	blob verification migration to KzgVerifiedBlob/put_kzg_verified_blobs	modified	C10	NONE	LH-arch-choice	replaces the GossipVerifiedBlob path with KzgVerifiedBlob::new(...) collected into put_kzg_verified_blobs [raw:lh-files/136.diff]	NONE	fork_choice ef tester migrated to the KZG-verified blob DA API; unrelated to execution proofs [raw:lh-files/136.diff]
LH0202	136	testing/ef_tests/src/cases/fork_choice.rs	relaxed valid/success assertion	modified	C10	NONE	LH-arch-choice	changes if success != valid to if valid && !success with comment "blob-DA failure cases are expected to import now" [raw:lh-files/136.diff]	NONE	Only valid blocks are asserted to import; blob-DA failure cases no longer asserted to fail import [raw:lh-files/136.diff]
LH0203	137	testing/ef_tests/src/cases/gossip_validation.rs	case model: ExpectedOutcome, Meta, MessageMeta, Topic, GossipValidation, LoadCase/Case	added	C10	NONE	LH-arch-choice	defines the gossip validation ef case with enum Topic { ProposerSlashing, AttesterSlashing } and "// TODO: add support for these topics" [raw:lh-files/137.diff]	[raw:lh-files/139.diff]	Generic gossip validation test case; other topics stubbed behind a TODO, not execution-proof specific [raw:lh-files/137.diff]
LH0204	137	testing/ef_tests/src/cases/gossip_validation.rs	GossipTester + validate_proposer_slashing/validate_attester_slashing	added	C10	NONE	LH-arch-choice	GossipTester drives process_gossip_proposer_slashing/process_gossip_attester_slashing via NetworkBeaconProcessor and compares MessageAcceptance [raw:lh-files/137.diff]	[raw:lh-files/139.diff]	Exercises slashing gossip validation outcomes (Valid/Ignore/Reject) [raw:lh-files/137.diff]
LH0205	138	testing/ef_tests/src/handler.rs	GossipValidationHandler	modified	C10	NONE	LH-arch-choice	adds GossipValidationHandler<E> Handler impl with runner_name() -> "networking" [raw:lh-files/138.diff]	[raw:lh-files/139.diff]	ef test handler wiring for gossip_validation cases [raw:lh-files/137.diff]
LH0206	139	testing/ef_tests/tests/tests.rs	gossip_proposer_slashing, gossip_attester_slashing tests	modified	C10	NONE	LH-arch-choice	adds #[test] gossip_proposer_slashing and gossip_attester_slashing invoking GossipValidationHandler for Minimal and Mainnet specs [raw:lh-files/139.diff]	[raw:lh-files/139.diff]	Registers gossip validation ef tests for both specs [raw:lh-files/139.diff]
LH0207	140	testing/proof_engine/Cargo.toml	whole file	added	C10	NONE	dependency	new proof_engine_test crate manifest with beacon_chain/execution_layer/network(disable-backfill)/simulator(test-utils) deps [raw:lh-files/140.diff]	NONE	Manifest for the EIP-8025 proof engine integration test crate [raw:lh-files/141.diff]
LH0208	141	testing/proof_engine/src/lib.rs	integration tests: basic, validator_client_proof_service, verifier_receives, multi_generator, network_finalizes	added	C10	NONE	LH-arch-choice	tokio::test cases driving proof generation -> gossip -> ExecutionProofVerified via ProofEngineTestRig [raw:lh-files/141.diff]	[raw:lh-files/141.diff]	Integration coverage of the proof gossip/verify pipeline; several cases ignored in debug via cfg_attr(debug_assertions) [raw:lh-files/141.diff]
LH0209	141	testing/proof_engine/src/lib.rs	test_proof_engine_sync (ignored)	added	C9	NONE	scaffolding	test marked #[ignore = "late-joining verifier cannot reliably discover the proof-capable peer yet; proof-sync peer selection needs rework"] [raw:lh-files/141.diff]	[raw:lh-files/141.diff]	Proof-sync peer discovery is WIP; the sync integration test is disabled [raw:lh-files/141.diff]
LH0210	142	testing/proof_engine/src/rig.rs	ProofEngineTestRig topologies + event/node accessors	added	C10	NONE	LH-arch-choice	standard/sync_topology/multi_generator builders plus proof_generator/verifier event and node accessors over TestNetworkFixture [raw:lh-files/142.diff]	[raw:lh-files/141.diff]	Test harness topology wiring; base_builder activates all forks at genesis with proof_generator_nodes/proof_verifier_nodes [raw:lh-files/142.diff]
LH0211	142	testing/proof_engine/src/rig.rs	proof signing/submission helpers	added	C10	NONE	LH-arch-choice	sign_execution_proof uses compute_execution_proof_domain/compute_signing_root; sign_and_submit_next_generator_proof, observe_valid_generator_proof, latest_generator_payload_request [raw:lh-files/142.diff]	[raw:lh-files/141.diff]	Mirrors prover-side proof signing with fixture proof_data 0xDEADBEEF [raw:lh-files/142.diff]
LH0212	143	testing/proof_engine_zkboost/Cargo.lock	whole file	added	C10	NONE	dependency	Cargo @generated lockfile (866 packages) for proof_engine_zkboost_test, including ere/zkboost/zisk deps [raw:lh-files/143.diff]	NONE	Generated lockfile for the zkboost proof engine test crate [raw:lh-files/143.diff]
LH0213	144	testing/proof_engine_zkboost/Cargo.toml	whole file	added	C10	NONE	dependency	New test-crate manifest declaring git dependencies zkboost-server/zkboost-types pinned to branch master plus an execution_layer path dep [raw:lh-files/144.diff]	NONE	Build-metadata for the zkBoost wire-compat integration test crate; zkboost deps track a moving master branch [raw:lh-files/144.diff]
LH0214	145	testing/proof_engine_zkboost/src/lib.rs	whole file (7 tokio::test integration tests)	added	C10	NONE	LH-arch-choice	Integration tests exercising HttpProofNodeClient request_proofs/subscribe/get_proof/verify_proof wire format against the real zkBoost server [raw:lh-files/145.diff]	NONE	Wire-compatibility tests for the proof-node client of one reference implementation; no extracted requirement mandates them [raw:lh-files/145.diff]
LH0215	146	testing/proof_engine_zkboost/src/zkboost_harness.rs	ZkboostTestHarness, start_mock_el, start_zkboost_server	added	C10	NONE	LH-arch-choice	Test harness starts a real zkBoostServer with zkVMConfig::Mock backends and a mock EL serving fixture chain config/witness [raw:lh-files/146.diff]	NONE	Supports the 145 integration tests; mock_proof_size 1024 and EthrexZisk default are test values [raw:lh-files/146.diff]
LH0216	147	testing/proof_engine_zkboost/tests/fixture/chain_config.json	whole file	added	C10	NONE	CI-devnet	Test fixture chain config carrying hardcoded devnet chainId 3151908 and all-zero fork activation times [raw:lh-files/147.diff]	NONE	Captured devnet chain config used as a static fixture; borderline vs plain test data since chainId 3151908 is the kurtosis devnet id [raw:lh-files/147.diff]
LH0217	148	testing/proof_engine_zkboost/tests/fixture/execution_witness.json	whole file	added	C10	NONE	LH-arch-choice	Static execution-witness fixture (MPT state/codes/keys/headers) consumed by the mock EL via include_str [raw:lh-files/148.diff]	NONE	Test fixture data for witness generation; no devnet identifier in the payload [raw:lh-files/148.diff]
LH0218	149	testing/proof_engine_zkboost/tests/fixture/new_payload_request.ssz	whole file (binary)	added	C10	NONE	LH-arch-choice	Binary SSZ NewPayloadRequest fixture included via include_bytes by the harness [raw:lh-files/149.diff]	NONE	Binary fixture; diff records only Binary files differ [raw:lh-files/149.diff]
LH0219	150	testing/simulator/Cargo.toml	dependencies, [features] test-utils	modified	C10	NONE	dependency	Adds beacon_chain, eth2 (events), lighthouse_network, network_utils, task_executor, validator_http_api and anyhow deps plus a test-utils feature [raw:lh-files/150.diff]	NONE	Build-metadata enabling simulator test-utils and proof-node wiring dependencies [raw:lh-files/150.diff]
LH0220	151	testing/simulator/src/basic_sim.rs	fork-epoch consts, run_basic_sim latest_fork	modified	C10	NONE	CI-devnet	Simulator fork schedule moved to Electra/Fulu at epoch 0 and latest_fork switched to Fulu; GLOAS_FORK_EPOCH left commented [raw:lh-files/151.diff]	NONE	Devnet/sim fork-activation config; carries TODO(gloas) enable Gloas in simulator current blocker is lack of data column gossip verification [raw:lh-files/151.diff]
LH0221	151	testing/simulator/src/basic_sim.rs	LocalNetworkParams fields, add_beacon_node/add_validator_client calls	modified	C10	NONE	LH-arch-choice	Threads NodeType through add_beacon_node/add_validator_client and adds proof_generator_nodes/proof_verifier_nodes/delayed_nodes params, all set to 0 in basic_sim [raw:lh-files/151.diff]	NONE	Plumbing for proof-node simulator support; basic_sim does not yet activate proof nodes (counts 0) [raw:lh-files/151.diff]
LH0222	152	testing/simulator/src/fallback_sim.rs	fork-epoch consts, run_fallback_sim spec	modified	C10	NONE	CI-devnet	Fallback-sim fork schedule set to Capella/Deneb/Electra/Fulu at epoch 0 with Electra/Fulu activation uncommented [raw:lh-files/152.diff]	NONE	Devnet/sim fork-activation config; carries the same TODO(gloas) blocker comment for Gloas [raw:lh-files/152.diff]
LH0223	152	testing/simulator/src/fallback_sim.rs	LocalNetworkParams fields, add_beacon_node call	modified	C10	NONE	LH-arch-choice	Adds proof_generator_nodes/proof_verifier_nodes/delayed_nodes (all 0) and passes NodeType::Default to add_beacon_node [raw:lh-files/152.diff]	NONE	Same NodeType plumbing as basic_sim; fallback_sim activates no proof nodes [raw:lh-files/152.diff]
LH0224	153	testing/simulator/src/lib.rs	pub mod declarations, cfg(test-utils) test_utils	added	C10	NONE	LH-arch-choice	Converts the simulator into a library crate exposing basic_sim/fallback_sim/local_network and gates test_utils behind the test-utils feature [raw:lh-files/153.diff]	NONE	Crate restructure enabling reuse of simulator internals by proof-node tests [raw:lh-files/153.diff]
LH0225	154	testing/simulator/src/local_network.rs	enum NodeType, LocalNetworkParams fields, node_type()	modified	C10	NONE	LH-arch-choice	Adds NodeType {Default,Proposer,ProofVerifier,ProofGenerator} with requires_proof_node/requires_execution_node plus proof_generator_nodes/proof_verifier_nodes/delayed_nodes params and node_type() index mapping [raw:lh-files/154.diff]	NONE	NodeType and node_type carry #[allow(dead_code)] noting they are exercised only by proof-engine integration tests [raw:lh-files/154.diff]
LH0226	154	testing/simulator/src/local_network.rs	construct_boot_node/construct_beacon_node port setup, node_custody_type, gloas amsterdam_time	modified	C10	NONE	LH-arch-choice	Replaces hardcoded BOOTNODE_PORT/QUIC_PORT/EXECUTION_PORT with ListenAddress::unused_v4_ports(), sets node_custody_type = Supernode, and adds gloas amsterdam_time mock config [raw:lh-files/154.diff]	NONE	OS-assigned ports let the proof-engine and simulator crates run without port conflicts [raw:lh-files/154.diff]
LH0227	154	testing/simulator/src/local_network.rs	construct_beacon_node proof-node block	modified	C10	NONE	LH-arch-choice	ProofVerifier/ProofGenerator nodes enable network.enable_execution_proof, register a mock proof engine via register_mock_proof_engine(bn_idx, 400) and set proof_engine_endpoint; ProofVerifier sets optimistic_finalized_sync = true [raw:lh-files/154.diff]	NONE	Simulator wiring for proof-verifier/generator beacon nodes; 400 is a mock proving-time value [raw:lh-files/154.diff]
LH0228	154	testing/simulator/src/local_network.rs	add_validator_client proof-generator block, remote_node/subscribe helpers	modified	C10	NONE	LH-arch-choice	ProofGenerator validator clients enable the VC http_api with a temp token and set proof_engine_endpoint to the mock URL; adds remote_node and node_subscribe_client_events/internal_events helpers [raw:lh-files/154.diff]	NONE	Validator-side proof-generator test wiring plus event-subscription helpers, all #[allow(dead_code)] [raw:lh-files/154.diff]
LH0229	155	testing/simulator/src/test_utils/builder.rs	TestNetworkFixtureBuilder, init_network/init_beacon_nodes/init_validators	added	C10	NONE	LH-arch-choice	Builder assembling a local network with configurable node/proof-node counts and spec/client transforms for simulator integration tests [raw:lh-files/155.diff]	NONE	Test-fixture builder; contains a minor TODO: do we need this? around broadcast-topic setup [raw:lh-files/155.diff]
LH0230	156	testing/simulator/src/test_utils/event_stream.rs	EventStream, collect_n	added	C10	NONE	LH-arch-choice	Broadcast-receiver wrapper with a timeout-based collect_n helper for simulator event assertions [raw:lh-files/156.diff]	NONE	Generic test helper over tokio broadcast channels [raw:lh-files/156.diff]
LH0231	157	testing/simulator/src/test_utils/mod.rs	module re-exports, TestNetworkFixture, payloads_valid/wait_for_genesis	added	C10	NONE	LH-arch-choice	test_utils module exposing TestNetworkFixture/TestConfig and helpers over LocalNetwork for integration tests [raw:lh-files/157.diff]	NONE	Test-infra module aggregating simulator fixture types [raw:lh-files/157.diff]
LH0232	157	testing/simulator/src/test_utils/mod.rs	test_network_fixture_build (#[ignore])	added	C10	NONE	scaffolding	test_network_fixture_build is marked #[ignore] with comment Ignore this for now because it conflicts with the proof_engine testing crate and a note to migrate to defaulting to unused ports [raw:lh-files/157.diff]	NONE	Disabled placeholder test pending the port-conflict migration [raw:lh-files/157.diff]
LH0233	158	validator_client/Cargo.toml	dependencies	modified	C8	NONE	dependency	Adds execution_layer and typenum dependencies to validator_client [raw:lh-files/158.diff]	NONE	Build-metadata for proof-service and proof-type-bound support [raw:lh-files/158.diff]
LH0234	159	validator_client/http_api/src/lib.rs	Context struct, bounds T: SlotClock+static E: EthSpec	modified	C8	NONE	LH-arch-choice	Adds proof_service: Option<Arc<ProofService<...>>> to the http_api Context and tightens the generic bounds [raw:lh-files/159.diff]	[raw:lh-files/160.diff]	Wires the proof service into the validator http_api context [raw:lh-files/159.diff]
LH0235	160	validator_client/http_api/src/test_utils.rs	ApiTester Context init	modified	C10	NONE	LH-arch-choice	ApiTester sets proof_service: None when building the http_api Context [raw:lh-files/160.diff]	NONE	Test-harness update for the new Context field [raw:lh-files/160.diff]
LH0236	161	validator_client/http_api/src/tests.rs	ApiTester Context init	modified	C10	NONE	LH-arch-choice	http_api tests set proof_service: None when constructing the Context [raw:lh-files/161.diff]	NONE	Test update mirroring the new Context field [raw:lh-files/161.diff]
LH0237	162	validator_client/lighthouse_validator_store/src/lib.rs	fn sign_execution_proof, ExecutionProof/SignedExecutionProof imports	modified	C8	NONE	LH-arch-choice	Implements sign_execution_proof using signing_context(Domain::ExecutionProof) and SignableMessage::ExecutionProof, returning SignedExecutionProof with validator_index [raw:lh-files/162.diff]	NONE	Producer-side proof signing for proof-generating mode; uses Domain::ExecutionProof (see proposed domain-collision question in the session report) [raw:lh-files/162.diff]
LH0238	163	validator_client/signing_method/src/lib.rs	SignableMessage::ExecutionProof variant, signing_root, web3signer mapping	modified	C8	NONE	LH-arch-choice	Adds an ExecutionProof variant to SignableMessage with signing_root delegation and Web3SignerObject mapping [raw:lh-files/163.diff]	NONE	Signing plumbing enabling execution-proof signing across local and web3signer methods [raw:lh-files/163.diff]
LH0239	164	validator_client/signing_method/src/web3signer.rs	MessageType::ExecutionProof, Web3SignerObject::ExecutionProof, message_type()	modified	C8	NONE	LH-arch-choice	Adds ExecutionProof to web3signer MessageType and Web3SignerObject with its message_type() mapping [raw:lh-files/164.diff]	NONE	The adjacent TODO(gloas) verify w/ web3signer specs comment applies to ExecutionPayloadEnvelope, not to this ExecutionProof addition [raw:lh-files/164.diff]
LH0240	165	validator_client/src/cli.rs	--proof-engine-endpoint, --proof-types args	modified	C7	NONE	LH-arch-choice	Adds CLI flags proof_engine_endpoint and proof_types (u8 list, requires proof_engine_endpoint) with default 0,1,2,3 mapped to EthrexRisc0/SP1/Zisk/RethOpenVM [raw:lh-files/165.diff]	NONE	Operator interface for enabling proof-generating mode in one reference implementation [raw:lh-files/165.diff]
LH0241	166	validator_client/src/config.rs	Config proof_engine_endpoint/proof_types, from_cli parsing	modified	C7	NONE	LH-arch-choice	Parses proof_engine_endpoint into a SensitiveUrl and proof_types into ProofTypes, rejecting more than MaxExecutionProofsPerPayload::to_usize() values [raw:lh-files/166.diff]	NONE	Config plumbing; the per-payload proof-type cap reuses the MaxExecutionProofsPerPayload type-level constant [raw:lh-files/166.diff]
LH0242	167	validator_client/src/lib.rs	ProductionValidatorClient proof_service field/build/start	modified	C8	NONE	LH-arch-choice	Constructs an Arc<ProofService> when proof_engine_endpoint is set (mock via parse_mock_index else HttpProofEngine), stores it, and starts it in start_service [raw:lh-files/167.diff]	NONE	Top-level wiring that instantiates and launches the proof service for proof-generating mode [raw:lh-files/167.diff]
LH0243	168	validator_client/validator_metrics/src/lib.rs	SIGNED_EXECUTION_PROOFS_TOTAL	modified	C8	NONE	LH-arch-choice	Adds the vc_signed_execution_proofs_total IntCounterVec with a status label [raw:lh-files/168.diff]	NONE	Metric incremented by sign_execution_proof in lighthouse_validator_store [raw:lh-files/162.diff]
LH0244	169	validator_client/validator_services/Cargo.toml	dependencies: eth2 features=events, execution_layer	modified	C8	NONE	dependency	Adds execution_layer workspace dependency and enables the events feature on eth2 [raw:lh-files/169.diff]	NONE	Build-metadata change supporting the new proof_service [raw:lh-files/169.diff]
LH0245	170	validator_client/validator_services/src/lib.rs	pub mod proof_service;	modified	C8	NONE	LH-arch-choice	Declares the new proof_service module in the validator_services crate lib.rs [raw:lh-files/170.diff]	NONE	Module wiring for the EIP-8025 proof service; a structural choice of this reference implementation [raw:lh-files/170.diff]
LH0246	171	validator_client/validator_services/src/proof_service.rs	ProofService, Inner, fn new, start_service, subscribe_to_events, monitor_task	added	C8	NONE	LH-arch-choice	SSE monitor_task uses tokio::select over an EventTopic::Block stream and proof_engine.subscribe_proof_events with a reconnect-on-error loop [raw:lh-files/171.diff]	NONE	Background-task design for the opt-in proof-generating service; the SSE event plumbing is an implementation choice [raw:lh-files/171.diff]
LH0247	171	validator_client/validator_services/src/proof_service.rs	fn handle_block_event	added	C8	NONE	LH-arch-choice	On a non-optimistic block event, fetches the full block via RPC, builds NewPayloadRequest::try_from, and calls proof_engine.request_proofs with ProofAttributes proof_types [raw:lh-files/171.diff]	NONE	Proof-request path driving the HttpProofEngine; the block-event-to-request mechanism is not spec-mandated [raw:lh-files/171.diff]
LH0248	171	validator_client/validator_services/src/proof_service.rs	fn handle_proof_engine_event, fn handle_proof_complete	added	C8	R001	spec-driven	On ProofComplete it builds ExecutionProof, signs via validator_store.sign_execution_proof, and submits with post_beacon_pool_execution_proofs - the opted-in validator producing and broadcasting execution proofs of R001 [raw:lh-files/171.diff]	NONE	PublicInput here carries only new_payload_request_root; signs with the first only_safe voting pubkey [raw:lh-files/171.diff]
LH0249	171	validator_client/validator_services/src/proof_service.rs	struct OutstandingProofRequest, const PROOF_REQUEST_STALE_TIMEOUT, fn remove_pending_proof_type, fn cleanup_stale_requests	added	C8	NONE	LH-arch-choice	Hardcoded PROOF_REQUEST_STALE_TIMEOUT = Duration::from_secs(300) with a HashMap outstanding_requests tracker pruned via retain [raw:lh-files/171.diff]	NONE	Outstanding-request bookkeeping and stale-timeout eviction; a local design detail [raw:lh-files/171.diff]
LH0250	172	validator_client/validator_store/src/lib.rs	fn sign_execution_proof (ValidatorStore trait); ExecutionProof/SignedExecutionProof imports	modified	C8	R001	spec-driven	Adds ValidatorStore::sign_execution_proof(pubkey, ExecutionProof, signing_epoch) -> SignedExecutionProof, the signing primitive for the opted-in proof-generating validator of R001 [raw:lh-files/172.diff]	NONE	Doc comment Sign an execution proof for EIP-8025 optional execution verification; concrete impl is in lighthouse_validator_store [raw:lh-files/162.diff]
